Year ,site,practice,GrainC1,LeafC1,StemC1,RootC1,GrainC2,LeafC2,StemC2,RootC2,GrainC3,LeafC3,StemC3,RootC3,%SOC_10cm,%SOC_20cm,%SOC_30cm,%SOC_40cm,%SOC_50cm,kgSOC_10cm,kgSOC_20cm,kgSOC_30cm,kgSOC_40cm,kgSOC_50cm,IniSOC     ,End_SOC    ,dSOC       ,GWP,CO2_GWP,CH4_GWP,N2O_GWP,ShootLitterC_input,RootLitterC_input,ManureC_input,RootExudation_DOC,Soil-CO2,Leach_C    ,Runoff_C   ,CH4,IniSON     ,IniSIN     ,EndSON     ,EndSIN     ,dSN        ,Atmo_N_input,Fertilizer_N_input,Manure_N_input,Litter_N_input,N_fixation ,Crop_N_uptake,Leach_NO3,Runoff_SON ,Leach_DON  ,N2O_flux,NO_flux    ,N2_flux,NH3_flux,exchengeable-NH4,PET        ,Transpiration,Evaporation,WaterLeach ,Runoff     ,Irrigation ,Precipitation,DeepWater  ,MeanT      ,WindSpeed  ,ColdStress ,WaterStress,N_Stress   ,Cut_CropC  ,yr_end_grain,yr_end_leaf,yr_end_stem,yr_end_root,yr_end_stub
1,sd,alfalfa,0,1284.14,1284.14,1027.31,0,224.53,224.53,6286.74,0,0,0,0,0.014,0.0074,0.0022,0.0006,0.0002,16154.22,8566.33,2510.83,745.86,280.3,27021.44,28257.54,1236.1,-4505.483779,-4524.223065,0,18.73928571,1250.24,29.56,312.3,753.96,1109.88,0.07,0,0,2677.82,1.21,2710.77,8.54,40.29,0,0,19.47,38.71,101.71,110.31,0.06,0,0,0.03,0.01,0.06,6.22,3.08,1288.46,143.34,464.69,0,0,0,539.8,0.07,14.35,2,1,0.17,0.56,0,0,600.81,600.81,7113.02,0
2,sd,alfalfa,0,1000.87,1000.87,800.7,0,169.74,169.74,4752.63,0,0,0,0,0.0147,0.0074,0.0022,0.0006,0.0002,16855.4,8526.65,2497.24,742.33,281.85,28257.54,28903.46,645.92,-2083.028635,-2364.117921,0,281.0892857,1210.77,79.15,936.89,2356.94,3937.64,0.15,0,0,2710.77,8.54,2779.17,17.42,77.27,0,0,89.53,43.44,74.76,89.98,0.34,0,0,0.45,0.03,0.64,31.22,3.48,1288.58,118.94,353.05,0,0,0,539.8,0.07,14.35,2,1,0.1,0.6,0,0,593.72,593.72,12169.71,0
3,sd,alfalfa,0,1063.86,1063.86,851.09,0,172.79,172.79,4838.12,0,0,0,0,0.0153,0.0074,0.0022,0.0006,0.0002,17630.53,8488.26,2484.42,739.86,282.39,28903.47,29625.46,722,-2067.905267,-2642.576695,0,574.6714286,1216.17,101.18,936.89,3649.67,5181.73,0.19,0,0,2779.17,17.42,2845.86,27.93,77.2,0,0,97.46,46.18,76.61,93.73,0.47,0,0,0.92,0.05,1.31,36.61,3.47,1288.52,124.13,358.95,0,0,0,539.8,0.07,14.35,2,1,0.11,0.6,0,0,723.15,723.15,17224.41,0
4,sd,alfalfa,0,1078.1,1078.1,862.48,0,174.41,174.41,4883.47,0,0,0,0,0.016,0.0073,0.0021,0.0006,0.0002,18384.8,8450.07,2471.83,736.38,282.5,29625.46,30325.58,700.12,-1712.979891,-2562.494177,0,849.5142857,1328.1,116.19,936.89,4937.96,6618.86,0.22,0,0,2845.86,27.93,2912.08,40.78,79.07,0,0,99.97,51.08,77.34,94.77,0.59,0,0,1.36,0.06,1.92,39.2,3.48,1288.49,125.06,356.22,0,0,0,539.8,0.07,14.35,2,1,0.11,0.6,0,0,832.86,832.86,22241.94,0
5,sd,alfalfa,0,1093.71,1093.71,874.97,0,176.5,176.5,4942.09,0,0,0,0,0.0166,0.0073,0.0021,0.0006,0.0002,19117.02,8412.39,2459.56,732.92,282.41,30325.57,31004.29,678.72,-1353.564926,-2484.168497,0,1130.603571,1410.86,125.67,936.89,6223.26,8017.73,0.25,0,0,2912.08,40.78,2976.9,55.91,79.96,0,0,102.17,54.5,78.27,95.99,0.7,0,0,1.81,0.07,2.54,41.5,3.47,1288.46,126.21,355.31,0,0,0,539.8,0.07,14.35,2,1,0.11,0.6,0,0,937.08,937.08,27271.1,0
6,sd,alfalfa,0,1107.45,1107.45,885.96,0,178.23,178.23,4990.56,0,0,0,0,0.0172,0.0073,0.0021,0.0006,0.0002,19825.76,8375.38,2447.61,729.59,282.2,31004.29,31660.54,656.25,-978.1141516,-2401.926532,-0.373333333,1424.185714,1481.18,131.96,936.89,7513.24,9406.78,0.28,0,-0.01,2976.9,55.91,3040.03,73.09,80.31,0,0,103.96,57.19,79.04,97.03,0.82,0,0,2.28,0.08,3.19,43.51,3.46,1288.44,127.11,354.64,0,0,0,539.8,0.07,14.35,2,1,0.11,0.6,0,0,1036.44,1036.44,32320.22,0
7,sd,alfalfa,0,1118.34,1118.34,894.67,0,179.8,179.8,5034.44,0,0,0,0,0.0178,0.0072,0.0021,0.0006,0.0002,20510.19,8339.03,2435.94,726.33,281.92,31660.54,32293.41,632.87,-587.2131823,-2316.353896,-1.12,1730.260714,1540.61,136.27,936.89,8809.38,10790.06,0.31,0,-0.03,3040.03,73.09,3101.25,92.21,80.33,0,0,105.54,59.35,79.71,97.9,0.93,0,0,2.77,0.09,3.84,45.34,3.45,1288.42,127.76,353.92,0,0,0,539.8,0.07,14.35,2,1,0.11,0.6,0,0,1131.46,1131.46,37394.79,0
8,sd,alfalfa,0,1136.52,1136.52,909.21,0,181.61,181.61,5085.14,0,0,0,0,0.0184,0.0072,0.0021,0.0006,0.0002,21179.05,8303.32,2424.51,723.13,281.59,32293.41,32911.61,618.2,-221.945068,-2262.660544,-1.866666667,2042.582143,1601.1,139.52,936.89,10114.52,12173.58,0.34,0,-0.05,3101.25,92.21,3160.7,112.91,80.16,0,0,106.82,61.4,80.56,99.17,1.05,0,0,3.27,0.09,4.5,46.84,3.43,1288.4,129.02,353.45,0,0,0,539.8,0.07,14.35,2,1,0.11,0.6,0,0,1226.54,1226.54,42513.99,0
9,sd,alfalfa,0,1143.81,1143.81,915.05,0,182.76,182.76,5117.31,0,0,0,0,0.019,0.0072,0.0021,0.0006,0.0002,21820.16,8268.23,2413.32,720,281.21,32911.61,33502.93,591.32,188.0126041,-2164.277634,-2.613333333,2354.903571,1649.13,142.13,936.89,11428.58,13565.15,0.36,0,-0.07,3160.7,112.91,3218.31,135.31,80.01,0,0,108.02,63.03,81.04,99.76,1.16,0,0,3.77,0.1,5.15,48.18,3.42,1288.39,129.29,352.96,0,0,0,539.8,0.07,14.35,2,1,0.11,0.6,0,0,1315.5,1315.5,47654.66,0
10,sd,alfalfa,0,1150.95,1150.95,920.76,0,184.29,184.29,5159.99,0,0,0,0,0.0195,0.0072,0.0021,0.0006,0.0002,22438.85,8233.67,2402.36,716.93,280.81,33502.93,34072.63,569.7,585.3380265,-2085.146736,-2.986666667,2673.471429,1688.45,144.03,936.89,12749.87,14949.26,0.39,0,-0.08,3218.31,135.31,3273.97,159.35,79.69,0,0,109.14,64.33,81.65,100.43,1.26,0,0,4.28,0.11,5.78,49.42,3.4,1288.38,129.62,352.62,0,0,0,539.8,0.07,14.35,2,1,0.11,0.6,0,0,1402.31,1402.31,52831.57,0
11,sd,alfalfa,0,1155.89,1155.89,924.71,0,185.64,185.64,5197.8,0,0,0,0,0.02,0.0071,0.0021,0.0006,0.0002,23035.21,8199.68,2391.58,713.93,280.4,34072.63,34620.79,548.16,969.8777846,-2006.308644,-3.36,2979.546429,1722.27,145.46,936.89,14080.1,16336.26,0.41,0,-0.09,3273.97,159.35,3327.72,184.89,79.29,0,0,110.15,65.42,82.17,100.96,1.34,0,0,4.77,0.12,6.4,50.58,3.39,1288.37,129.74,352.32,0,0,0,539.8,0.07,14.35,2,1,0.11,0.6,0,0,1486.59,1486.59,58041.05,0
12,sd,alfalfa,0,1165.49,1165.49,932.39,0,186.95,186.95,5234.71,0,0,0,0,0.0205,0.0071,0.0021,0.0006,0.0002,23616.75,8166.21,2380.96,710.95,279.96,34620.79,35154.84,534.05,1333.469587,-1954.664936,-3.733333333,3291.867857,1757.79,146.66,936.89,15419.38,17726.37,0.43,0,-0.1,3327.72,184.89,3379.74,211.64,78.77,0,0,111.02,66.53,82.73,101.7,1.42,0,0,5.27,0.13,6.99,51.63,3.37,1288.35,130.22,352.01,0,0,0,539.8,0.07,14.35,2,1,0.11,0.6,0,0,1571.04,1571.04,63287.37,0
13,sd,alfalfa,0,1171.73,1171.73,937.38,0,188.69,188.69,5283.44,0,0,0,0,0.021,0.0071,0.0021,0.0006,0.0002,24179.72,8133.17,2370.5,707.94,279.51,35154.84,35670.85,516.01,1698.952642,-1888.63712,-4.106666667,3591.696429,1789.97,147.8,936.89,16768.86,19127.22,0.45,0,-0.11,3379.74,211.64,3430.11,239.71,78.44,0,0,111.81,67.54,83.41,102.38,1.49,0,0,5.75,0.13,7.54,52.53,3.36,1288.34,130.53,351.65,0,0,0,539.8,0.07,14.35,2,1,0.11,0.6,0,0,1653.61,1653.61,68580.03,0
14,sd,alfalfa,0,1181.44,1181.44,945.15,0,190.08,190.08,5322.36,0,0,0,0,0.0215,0.007,0.0021,0.0006,0.0002,24729.28,8100.59,2360.18,705.03,279.05,35670.85,36174.14,503.29,2038.71765,-1842.080921,-4.48,3885.278571,1822.81,148.87,936.89,18129.72,20534.69,0.47,0,-0.12,3430.11,239.71,3479.07,268.79,78.04,0,0,112.51,68.55,84.01,103.15,1.55,0,0,6.22,0.14,8.07,53.32,3.35,1288.33,131.04,351.44,0,0,0,539.8,0.07,14.35,2,1,0.11,0.6,0,0,1736.48,1736.48,73912.41,0
15,sd,alfalfa,0,1187.93,1187.93,950.35,0,191.42,191.42,5359.77,0,0,0,0,0.022,0.007,0.002,0.0006,0.0002,25263.29,8068.37,2349.99,702.13,278.58,36174.14,36662.38,488.23,2380.800814,-1786.960138,-4.853333333,4172.614286,1852.66,149.94,936.89,19500.31,21951.18,0.5,0,-0.13,3479.07,268.79,3526.68,298.91,77.74,0,0,113.17,69.49,84.54,103.74,1.6,0,0,6.68,0.15,8.57,54.03,3.33,1288.32,131.28,351.04,0,0,0,539.8,0.07,14.35,2,1,0.11,0.6,0,0,1817.6,1817.6,79280.42,0
16,sd,alfalfa,0,1195.6,1195.6,956.48,0,192.82,192.82,5398.98,0,0,0,0,0.0224,0.007,0.002,0.0006,0.0002,25785.11,8036.51,2339.92,699.26,278.11,36662.38,37138.9,476.53,2729.698733,-1744.13722,-4.853333333,4478.689286,1881.17,150.94,936.89,20880.36,23372.48,0.52,0,-0.13,3526.68,298.91,3573.04,330.09,77.53,0,0,113.79,70.37,85.11,104.41,1.65,0,0,7.17,0.15,9.08,54.5,3.32,1288.31,131.63,350.63,0,0,0,539.8,0.07,14.35,2,1,0.11,0.6,0,0,1898.54,1898.54,84687.29,0
17,sd,alfalfa,0,1203.29,1203.29,962.63,0,194.1,194.1,5434.79,0,0,0,0,0.0228,0.007,0.002,0.0006,0.0002,26268.75,8005.55,2330.03,696.43,277.67,37138.91,37578.44,439.53,3020.909019,-1608.714314,-5.226666667,4634.85,1981.2,151.93,803.05,22270.07,24766.36,0.53,0,-0.14,3573.04,330.09,3613.2,359.13,69.2,0,0,100.25,73.26,85.64,105.05,1.53,0,0,7.42,0.15,9.51,51.42,3.3,1288.28,131.95,350.46,0,0,0,539.8,0.07,14.35,2,1,0.11,0.6,0,0,2002.75,2002.75,90129.64,0
18,sd,alfalfa,0,1212.64,1212.64,970.11,0,195.99,195.99,5487.75,0,0,0,0,0.0233,0.0069,0.002,0.0006,0.0002,26765.29,7973.77,2320.1,693.43,277.15,37578.44,38029.73,451.29,2915.40221,-1651.756838,-5.226666667,4572.385714,1973.46,152.95,936.89,23670.69,26282.28,0.56,0,-0.14,3613.2,359.13,3658.75,393.85,80.27,0,0,114.56,73.14,86.41,105.92,1.65,0,0,7.32,0.16,8.86,54.97,3.3,1288.29,132.53,349.02,0,0,0,539.8,0.07,14.35,2,1,0.11,0.6,0,0,2063.69,2063.69,95625.76,0
19,sd,alfalfa,0,1222.81,1222.81,978.25,0,196.9,196.9,5513.21,0,0,0,0,0.0237,0.0069,0.002,0.0006,0.0002,27257.4,7942.85,2310.35,690.68,276.66,38029.73,38477.95,448.22,3638.731508,-1640.520397,-5.226666667,5284.478571,1970.61,154.07,936.89,25082.39,27695.31,0.58,0,-0.14,3658.75,393.85,3702.56,427.23,77.19,0,0,115.31,73.16,86.83,106.58,1.73,0,0,8.46,0.17,10.28,55.82,3.29,1288.28,132.96,349.48,0,0,0,539.8,0.07,14.35,2,1,0.11,0.6,0,0,2143.63,2143.63,101148.19,0
20,sd,alfalfa,0,1228.3,1228.3,982.64,0,198.06,198.06,5545.56,0,0,0,0,0.0241,0.0069,0.002,0.0006,0.0002,27740.94,7912.12,2300.68,687.89,276.18,38477.95,38917.8,439.85,3950.082318,-1609.885539,-5.6,5565.567857,1993.63,155.15,936.89,26501,29146.42,0.59,0,-0.15,3702.56,427.23,3745.44,461.36,77.01,0,0,115.78,73.9,87.29,107.09,1.75,0,0,8.91,0.17,10.67,56.2,3.27,1288.27,133.09,349.03,0,0,0,539.8,0.07,14.35,2,1,0.11,0.6,0,0,2222.55,2222.55,106700.3,0
1,sd,rye,0,978.46,978.46,782.77,0,64.9,64.9,70.54,0,0,0,0,0.0137,0.0074,0.0022,0.0006,0.0002,15754.94,8558.96,2503.65,737.27,266.08,27021.44,27820.89,799.46,-2907.347092,-2926.086378,0,18.73928571,838.73,22.43,312.3,88.87,462.82,0.05,0,0,2677.82,1.21,2696.81,7.54,25.33,0,0,14.35,26.27,20.58,28.83,0.04,0,0,0.03,0.01,0.06,4.69,3.08,1288.72,141.67,456.58,0,0,0,539.8,0.08,14.35,2,1,0.18,0.47,0,0,317.13,317.13,697.75,0
2,sd,rye,0,329.4,329.4,263.52,0,132.66,132.66,144.19,0,0,0,0,0.0137,0.0074,0.0022,0.0006,0.0002,15733.18,8523.14,2492.88,736.39,269.17,27820.89,27754.76,-66.13,379.4624215,242.0409929,0,137.4214286,209.88,50.03,936.89,187.43,1450.26,0.07,0,0,2696.81,7.54,2714.14,8.49,18.27,0,0,37.94,11.82,5.21,18.84,0.17,0,0,0.22,0.01,0.33,12.21,3.48,1289.07,85.09,338.9,0,0,0,539.8,0.08,14.35,2,1,0.05,0.52,0,0,134.56,134.56,792.26,0
3,sd,rye,0,334.67,334.67,267.74,0,144.73,144.73,157.31,0,0,0,0,0.0138,0.0074,0.0022,0.0006,0.0002,15874.76,8488.35,2481.69,733.75,268.94,27754.76,27847.47,92.71,-214.3973087,-339.3258801,0,124.9285714,133.74,46.8,905.56,216.87,1210.18,0.07,0,0,2714.14,8.49,2725.35,8.76,11.5,0,0,34.86,9.29,5.16,20.19,0.17,0,0,0.2,0.02,0.29,12.35,3.46,1289.06,85.21,345.52,0,0,0,539.8,0.08,14.35,2,1,0.05,0.53,0,0,174.26,174.26,924.26,0
4,sd,rye,0,333.69,333.69,266.95,0,148.53,148.53,161.44,0,0,0,0,0.0139,0.0074,0.0021,0.0006,0.0002,16037.15,8454.59,2471.1,731.17,268.65,27847.48,27962.66,115.18,-215.4357016,-421.5678445,0,206.1321429,152.18,45.06,936.89,252.52,1271.41,0.07,0,0,2725.35,8.76,2736.34,9,11.23,0,0,35.87,9.6,5.13,20.48,0.18,0,0,0.33,0.02,0.48,13.45,3.45,1289.05,84.92,344.24,0,0,0,539.8,0.08,14.35,2,1,0.05,0.53,0,0,211.67,211.67,1070.3,0
5,sd,rye,0,337.6,337.6,270.08,0,152.38,152.38,165.63,0,0,0,0,0.0141,0.0073,0.0021,0.0006,0.0002,16194.99,8421.51,2460.82,728.66,268.35,27962.66,28074.33,111.67,-158.863826,-408.7209689,0,249.8571429,178.36,44.11,936.89,291.71,1339.31,0.07,0,0,2736.34,9,2746.71,9.24,10.6,0,0,35.76,10.22,5.18,20.93,0.19,0,0,0.4,0.02,0.59,14.07,3.45,1289.05,85.06,343.9,0,0,0,539.8,0.08,14.35,2,1,0.05,0.53,0,0,250.18,250.18,1229.54,0
6,sd,rye,0,338.98,338.98,271.18,0,156.29,156.29,169.88,0,0,0,0,0.0142,0.0073,0.0021,0.0006,0.0002,16345.57,8389.08,2450.83,726.21,268.03,28074.33,28179.71,105.38,-85.8705036,-385.699075,0,299.8285714,201.96,43.73,936.89,333.58,1410.7,0.07,0,0,2746.71,9.24,2756.5,9.46,10.01,0,0,35.65,10.84,5.17,21.29,0.2,0,0,0.48,0.02,0.7,14.64,3.44,1289.04,85.59,342.91,0,0,0,539.8,0.08,14.35,2,1,0.05,0.53,0,0,288.58,288.58,1396.84,0
7,sd,rye,0,344.01,344.01,275.21,0,159.36,159.36,173.22,0,0,0,0,0.0143,0.0073,0.0021,0.0006,0.0002,16492.34,8357.24,2441.08,723.79,267.68,28179.72,28282.14,102.42,-31.31167116,-374.8652426,0,343.5535714,226.72,43.67,936.89,377.47,1482.25,0.08,0,0,2756.5,9.46,2765.83,9.68,9.55,0,0,35.55,11.52,5.24,21.71,0.22,0,0,0.55,0.02,0.8,15.18,3.44,1289.03,86.17,342.27,0,0,0,539.8,0.08,14.35,2,1,0.05,0.53,0,0,328.14,328.14,1571.7,0
8,sd,rye,0,347.58,347.58,278.06,0,162.66,162.66,176.81,0,0,0,0,0.0145,0.0072,0.0021,0.0006,0.0002,16633.71,8325.93,2431.51,721.42,267.3,28282.13,28379.87,97.74,23.29606784,-357.7360751,0,381.0321429,249.81,43.86,936.89,422.97,1555.7,0.08,0,0,2765.83,9.68,2774.74,9.89,9.12,0,0,35.46,12.19,5.27,22.09,0.23,0,0,0.61,0.02,0.89,15.66,3.43,1289.02,86.84,341.67,0,0,0,539.8,0.08,14.35,2,1,0.05,0.53,0,0,368.08,368.08,1751.64,0
9,sd,rye,0,354.83,354.83,283.86,0,163.56,163.56,177.79,0,0,0,0,0.0146,0.0072,0.0021,0.0006,0.0002,16772.51,8295.07,2422.03,719.08,266.91,28379.87,28475.6,95.73,68.13139707,-350.3793172,0,418.5107143,273.92,44.25,936.89,469.71,1628.98,0.08,0,0,2774.74,9.89,2783.33,10.1,8.79,0,0,35.39,12.9,5.36,22.5,0.24,0,0,0.67,0.02,0.98,16.11,3.42,1289.01,86.74,341.78,0,0,0,539.8,0.08,14.35,2,1,0.05,0.53,0,0,407.71,407.71,1935.94,0
10,sd,rye,0,355.48,355.48,284.38,0,167.29,167.29,181.84,0,0,0,0,0.0147,0.0072,0.0021,0.0006,0.0002,16904.11,8264.66,2412.68,716.77,266.48,28475.61,28564.7,89.09,129.9128899,-326.0763958,0,455.9892857,293.15,44.71,936.89,517.09,1702.67,0.08,0,0,2783.33,10.1,2791.51,10.3,8.38,0,0,35.3,13.49,5.35,22.81,0.25,0,0,0.73,0.02,1.06,16.5,3.41,1289.01,87.16,340.89,0,0,0,539.8,0.08,14.35,2,1,0.05,0.53,0,0,447.26,447.26,2121.92,0
11,sd,rye,0,357.17,357.17,285.74,0,170.21,170.21,185.01,0,0,0,0,0.0148,0.0072,0.0021,0.0006,0.0002,17031.15,8234.65,2403.44,714.48,266.04,28564.69,28649.77,85.08,182.0683762,-311.3994809,0,493.4678571,311.13,45.03,936.89,565.04,1772.93,0.09,0,0,2791.51,10.3,2799.3,10.49,7.98,0,0,35.21,14.03,5.35,23.11,0.26,0,0,0.79,0.02,1.15,16.85,3.41,1289,87.56,340.12,0,0,0,539.8,0.08,14.35,2,1,0.05,0.53,0,0,487.67,487.67,2310.39,0
12,sd,rye,0,360.82,360.82,288.66,0,171.84,171.84,186.79,0,0,0,0,0.0149,0.0071,0.0021,0.0006,0.0002,17155.22,8205.05,2394.31,712.22,265.59,28649.77,28732.39,82.63,228.5141401,-302.4322885,0,530.9464286,329.72,45.36,936.89,613.73,1842.99,0.09,0,0,2799.3,10.49,2806.8,10.68,7.69,0,0,35.14,14.58,5.39,23.4,0.27,0,0,0.85,0.03,1.23,17.19,3.4,1289,87.97,339.63,0,0,0,539.8,0.08,14.35,2,1,0.05,0.54,0,0,528.27,528.27,2501.74,0
13,sd,rye,0,365.04,365.04,292.03,0,173.38,173.38,188.46,0,0,0,0,0.015,0.0071,0.0021,0.0006,0.0002,17276.7,8175.82,2385.28,709.98,265.12,28732.39,28812.89,80.5,273.7886787,-294.6363213,0,568.425,348.24,45.77,936.89,663.09,1913.4,0.09,0,0,2806.8,10.68,2814.04,10.86,7.42,0,0,35.07,15.14,5.43,23.71,0.28,0,0,0.91,0.03,1.31,17.5,3.39,1288.99,88.4,339.09,0,0,0,539.8,0.08,14.35,2,1,0.05,0.54,0,0,568.9,568.9,2695.3,0
14,sd,rye,0,370.71,370.71,296.57,0,174.13,174.13,189.27,0,0,0,0,0.0151,0.0071,0.0021,0.0006,0.0002,17396.47,8146.92,2376.32,707.77,264.64,28812.89,28892.12,79.23,315.9155498,-289.9880216,0,605.9035714,367.18,46.25,936.89,713.05,1984.06,0.09,0,0,2814.04,10.86,2821.08,11.03,7.22,0,0,35.02,15.72,5.49,24.02,0.29,0,0,0.97,0.03,1.39,17.78,3.38,1288.98,88.82,338.72,0,0,0,539.8,0.08,14.35,2,1,0.05,0.54,0,0,609.28,609.28,2891.17,0
15,sd,rye,0,374.08,374.08,299.26,0,175.88,175.88,191.17,0,0,0,0,0.0152,0.0071,0.0021,0.0006,0.0002,17512.66,8118.32,2367.42,705.58,264.15,28892.12,28968.13,76.02,365.1429734,-278.2391695,0,643.3821429,384.04,46.79,936.89,763.43,2055.02,0.09,0,0,2821.08,11.03,2827.9,11.2,6.99,0,0,34.96,16.25,5.52,24.31,0.3,0,0,1.03,0.03,1.47,18.03,3.37,1288.98,89.18,338.13,0,0,0,539.8,0.08,14.35,2,1,0.05,0.54,0,0,649.45,649.45,3088.53,0
16,sd,rye,0,377.09,377.09,301.67,0,177.43,177.43,192.86,0,0,0,0,0.0153,0.007,0.0021,0.0006,0.0002,17625.59,8090.02,2358.61,703.41,263.65,28968.13,29041.28,73.15,406.8795416,-267.7347441,0,674.6142857,399.37,47.28,936.89,814.1,2124.37,0.09,0,0,2827.9,11.2,2834.51,11.36,6.76,0,0,34.91,16.73,5.55,24.55,0.31,0,0,1.08,0.03,1.55,18.27,3.37,1288.97,89.51,337.67,0,0,0,539.8,0.08,14.35,2,1,0.05,0.54,0,0,689.65,689.65,3286.5,0
17,sd,rye,0,380.64,380.64,304.51,0,178.33,178.33,193.84,0,0,0,0,0.0154,0.007,0.002,0.0006,0.0002,17705.61,8062.64,2349.94,701.28,263.19,29041.28,29082.66,41.38,548.1459506,-151.4540494,0,699.6,462.74,47.72,803.05,865.01,2137.04,0.09,0,0,2834.51,11.36,2839.14,10.91,4.19,0,0,29.72,18.55,5.59,24.78,0.28,0,0,1.12,0.03,1.62,17.16,3.33,1288.95,89.76,337.6,0,0,0,539.8,0.08,14.35,2,1,0.05,0.54,0,0,748.98,748.98,3485.66,0
18,sd,rye,0,384.14,384.14,307.31,0,176.68,176.68,192.05,0,0,0,0,0.0155,0.007,0.002,0.0006,0.0002,17828.87,8034.92,2341.28,699.13,262.64,29082.66,29166.84,84.18,360.2624468,-308.1054103,0,668.3678571,447.45,48.17,936.89,915.83,2264.04,0.1,0,0,2839.14,10.91,2845.96,11.66,7.57,0,0,34.85,18.17,5.63,24.81,0.32,0,0,1.07,0.03,1.53,18.6,3.35,1288.96,89.65,337.14,0,0,0,539.8,0.08,14.35,2,1,0.05,0.54,0,0,772.44,772.44,3683,0
19,sd,rye,0,384.16,384.16,307.32,0,181.84,181.84,197.66,0,0,0,0,0.0156,0.007,0.002,0.0006,0.0002,17936.3,8007.44,2332.71,697.01,262.13,29166.84,29235.59,68.75,522.9267443,-251.6303986,0,774.5571429,441.26,48.54,936.89,966.77,2324.58,0.1,0,0,2845.96,11.66,2852.07,11.78,6.23,0,0,34.74,18.03,5.61,25.18,0.34,0,0,1.24,0.03,1.77,18.84,3.34,1288.96,90.19,336.44,0,0,0,539.8,0.08,14.35,2,1,0.05,0.54,0,0,812.04,812.04,3883.77,0
20,sd,rye,0,385.78,385.78,308.62,0,184.68,184.68,200.74,0,0,0,0,0.0157,0.0069,0.002,0.0006,0.0002,18039.78,7980.19,2324.2,694.92,261.61,29235.59,29300.7,65.11,567.4815729,-238.3077128,0,805.7892857,452.04,48.8,936.89,1018.6,2391.11,0.1,0,0,2852.07,11.78,2857.94,11.92,6,0,0,34.68,18.35,5.63,25.4,0.34,0,0,1.29,0.03,1.83,19,3.33,1288.96,90.47,336.23,0,0,0,539.8,0.08,14.35,2,1,0.05,0.54,0,0,853.96,853.96,4087.41,0
1,sd,legume_hay,0,892.82,892.82,714.26,0,1210.91,1210.91,575.18,0,0,0,0,0.0141,0.0076,0.0022,0.0006,0.0002,16217.06,8753.39,2527.27,740.4,271.11,27021.44,28509.23,1487.79,-5426.688943,-5445.428229,0,18.73928571,947.65,594.09,312.3,158.02,524.22,0.05,0,0,2677.82,1.21,2705.67,6.8,33.44,0,0,12.52,35.33,36.4,44.66,0.03,0,0,0.03,0.01,0.06,4.06,2.99,1288.67,165.49,410.51,0,0,0,539.8,0.09,14.35,2,1,0.17,0.48,0,0,284.43,284.43,571.33,2017.61
2,sd,legume_hay,0,1017.8,1017.8,814.24,0,0,0,0,0,0,0,0,0.0145,0.0075,0.0022,0.0006,0.0002,16672.93,8680.97,2510.58,734.19,266.88,28509.23,28865.56,356.33,-1173.020781,-1304.195781,0,131.175,1207.09,62.32,936.89,196.34,2045.88,0.42,0,0,2705.67,6.8,2749.95,8.2,45.68,0,0,47.91,27.7,19.36,34.07,0.21,0,0,0.21,0.02,0.31,15.2,3.51,1288.66,56.96,354.47,7.1,0,0,539.8,21.73,14.35,2,1,0.15,0.5,0,0,192.59,192.59,994.47,1009.75
3,sd,legume_hay,0,1206.6,1206.6,965.28,0,0,0,0,0,0,0,0,0.0149,0.0075,0.0022,0.0006,0.0002,17112.5,8615.1,2495.35,729.7,266.3,28865.56,29218.95,353.39,-1156.013721,-1293.43515,0,137.4214286,1035.63,95.3,936.89,296.15,2010.1,0.46,0,0,2749.95,8.2,2785.36,8.94,36.15,0,0,37.77,36.38,23.15,40.01,0.21,0,0,0.22,0.02,0.31,12.48,3.5,1288.5,66.61,412.76,6.78,0,0,539.8,27.69,14.35,2,1,0.19,0.49,0,0,263.45,263.45,1362.46,225.58
4,sd,legume_hay,0,1224.67,1224.67,979.74,0,0,0,0,0,0,0,0,0.0151,0.0074,0.0022,0.0006,0.0002,17410.51,8561.09,2481.17,725.18,265.28,29218.96,29443.23,224.28,-577.2716974,-820.8824117,0,243.6107143,973.5,120.56,782.81,369.41,2021.69,0.34,0,0,2785.36,8.94,2815.97,9.71,31.38,0,0,34.24,41.39,23.26,41.09,0.24,0,0,0.39,0.02,0.57,13.41,3.44,1288.49,68.12,428.05,3.31,0,0,539.8,17.63,14.35,2,1,0.19,0.49,0,0,270.25,270.25,1587.23,0
5,sd,legume_hay,0,1220.6,1220.6,976.48,0,0,0,0,0,0,0,0,0.0154,0.0074,0.0021,0.0006,0.0002,17689.13,8511.86,2467.6,720.68,264.05,29443.23,29653.32,210.09,-375.4208974,-768.9458974,0,393.525,965.32,135.64,685.94,413.25,1989.81,0.24,0,0,2815.97,9.71,2842.18,10.52,27.01,0,0,32.17,43.15,22.88,41.52,0.26,0,0,0.63,0.02,0.91,14.5,3.44,1288.49,68.56,430.82,1.38,0,0,539.8,4.27,14.35,2,1,0.19,0.49,0,0,268.71,268.71,1714.65,0
6,sd,legume_hay,0,1177.18,1177.18,941.74,0,0,0,0,0,0,0,0,0.0156,0.0074,0.0021,0.0006,0.0002,17920.53,8464.8,2454.42,716.27,263.57,29653.32,29819.6,166.28,-90.14428579,-608.5978572,0,518.4535714,910.04,143.23,685.03,435.42,2007.27,0.15,0,0,2842.18,10.52,2864.47,11.14,22.92,0,0,32.12,42.47,21.52,41.1,0.29,0,0,0.83,0.03,1.2,15.66,3.44,1288.52,67.58,427.28,0,0,0,539.8,0.09,14.35,2,1,0.18,0.5,0,0,252.37,252.37,1760.08,0
7,sd,legume_hay,0,1151.44,1151.44,921.15,0,0,0,0,0,0,0,0,0.0158,0.0073,0.0021,0.0006,0.0002,18127.89,8420.01,2441.69,711.97,262.91,29819.6,29964.47,144.87,94.40728114,-530.235576,0,624.6428571,865.95,145.69,675.41,441.89,1983.97,0.14,0,0,2864.47,11.14,2883.24,11.68,19.31,0,0,31.65,41.51,20.68,40.94,0.31,0,0,1,0.03,1.43,16.5,3.44,1288.54,67.07,422.06,0,0,0,539.8,0.09,14.35,2,1,0.17,0.5,0,0,242.72,242.72,1769.59,0
8,sd,legume_hay,0,1148.12,1148.12,918.49,0,0,0,0,0,0,0,0,0.0159,0.0073,0.0021,0.0006,0.0002,18333.25,8377.17,2429.3,707.78,261.94,29964.48,30109.44,144.96,187.7743027,-530.564983,0,718.3392857,854.72,146.25,669.72,443.38,1968.96,0.14,0,0,2883.24,11.68,2899.86,12.14,17.09,0,0,31.38,41.24,20.41,41.23,0.33,0,0,1.15,0.03,1.64,17.19,3.43,1288.54,67.28,420.1,0,0,0,539.8,0.09,14.35,2,1,0.17,0.5,0,0,241.48,241.48,1772.93,0
9,sd,legume_hay,0,1152.62,1152.62,922.1,0,0,0,0,0,0,0,0,0.0161,0.0072,0.0021,0.0006,0.0002,18535.02,8335.83,2417.22,703.71,260.84,30109.44,30252.61,143.17,275.5294146,-524.0134425,0,799.5428571,859.45,146.58,668.99,444.44,1976.16,0.14,0,0,2899.86,12.14,2915.14,12.54,15.67,0,0,31.33,41.4,20.32,41.71,0.35,0,0,1.28,0.03,1.83,17.78,3.43,1288.54,67.79,418.96,0,0,0,539.8,0.09,14.35,2,1,0.17,0.5,0,0,243.17,243.17,1777.81,0
10,sd,legume_hay,0,1160.91,1160.91,928.73,0,0,0,0,0,0,0,0,0.0163,0.0072,0.0021,0.0006,0.0002,18732.71,8295.77,2405.41,699.74,259.73,30252.61,30393.36,140.76,359.3073468,-515.1926532,0,874.5,871.02,147.11,669.99,446.1,1993.34,0.14,0,0,2915.14,12.54,2929.51,12.9,14.74,0,0,31.37,41.76,20.35,42.22,0.37,0,0,1.4,0.03,1.99,18.29,3.42,1288.53,68.35,418.12,0,0,0,539.8,0.09,14.35,2,1,0.17,0.5,0,0,246.29,246.29,1786.03,0
11,sd,legume_hay,0,1170.86,1170.86,936.69,0,0,0,0,0,0,0,0,0.0165,0.0072,0.0021,0.0006,0.0001,18926.04,8256.78,2393.84,695.85,258.54,30393.37,30531.04,137.68,439.2911029,-503.9196114,0,943.2107143,885.71,147.89,671.83,448.56,2016.12,0.14,0,0,2929.51,12.9,2943.2,13.23,14.02,0,0,31.44,42.25,20.43,42.76,0.39,0,0,1.51,0.03,2.14,18.75,3.41,1288.52,68.97,417.35,0,0,0,539.8,0.09,14.35,2,1,0.17,0.51,0,0,250.03,250.03,1797.28,0
12,sd,legume_hay,0,1181.72,1181.72,945.38,0,0,0,0,0,0,0,0,0.0166,0.0071,0.0021,0.0006,0.0001,19115.31,8218.75,2382.48,692.05,257.38,30531.04,30665.97,134.93,511.8206046,-493.8543954,0,1005.675,902,148.91,674.03,451.73,2041.58,0.14,0,0,2943.2,13.23,2956.35,13.53,13.46,0,0,31.53,42.81,20.53,43.31,0.41,0,0,1.61,0.04,2.28,19.15,3.41,1288.52,69.59,416.63,0,0,0,539.8,0.09,14.35,2,1,0.17,0.51,0,0,254.12,254.12,1810.88,0
13,sd,legume_hay,0,1192.4,1192.4,953.92,0,0,0,0,0,0,0,0,0.0168,0.0071,0.0021,0.0006,0.0001,19300.08,8181.57,2371.32,688.3,256.22,30665.97,30797.5,131.52,586.7657583,-481.3735277,0,1068.139286,918.31,150.07,676.44,455.32,2068.46,0.14,0,0,2956.35,13.53,2969.08,13.82,13.02,0,0,31.64,43.38,20.64,43.82,0.43,0,0,1.71,0.04,2.42,19.52,3.4,1288.51,70.14,416.15,0,0,0,539.8,0.09,14.35,2,1,0.17,0.51,0,0,258.13,258.13,1825.71,0
14,sd,legume_hay,0,1203.62,1203.62,962.89,0,0,0,0,0,0,0,0,0.0169,0.0071,0.0021,0.0006,0.0001,19481.78,8145.18,2360.33,684.62,255.08,30797.49,30927,129.51,650.3403732,-474.0167698,0,1124.357143,935.24,151.34,678.8,459.2,2094.92,0.14,0,0,2969.08,13.82,2981.46,14.1,12.64,0,0,31.74,43.99,20.77,44.34,0.45,0,0,1.8,0.04,2.54,19.85,3.39,1288.5,70.71,415.59,0,0,0,539.8,0.09,14.35,2,1,0.17,0.51,0,0,262.35,262.35,1841.62,0
15,sd,legume_hay,0,1213.43,1213.43,970.74,0,0,0,0,0,0,0,0,0.0171,0.0071,0.002,0.0006,0.0001,19658.99,8109.5,2349.51,681,253.96,30927,31052.96,125.96,719.551509,-461.023491,0,1180.575,950.56,152.64,681.28,463.19,2121.61,0.14,0,0,2981.46,14.1,2993.49,14.35,12.29,0,0,31.84,44.55,20.87,44.82,0.46,0,0,1.89,0.04,2.65,20.16,3.38,1288.49,71.21,414.96,0,0,0,539.8,0.09,14.35,2,1,0.17,0.51,0,0,266.04,266.04,1857.22,0
16,sd,legume_hay,0,1223.07,1223.07,978.46,0,0,0,0,0,0,0,0,0.0172,0.007,0.002,0.0006,0.0001,19832.33,8074.46,2338.84,677.42,252.88,31052.96,31175.93,122.98,786.6764,-450.116457,0,1236.792857,965.29,153.92,683.46,467.11,2146.65,0.15,0,0,2993.49,14.35,3005.21,14.6,11.96,0,0,31.93,45.1,20.97,45.27,0.48,0,0,1.98,0.04,2.77,20.42,3.37,1288.48,71.67,414.52,0,0,0,539.8,0.09,14.35,2,1,0.17,0.51,0,0,269.67,269.67,1872.54,0
17,sd,legume_hay,0,1232.8,1232.8,986.24,0,0,0,0,0,0,0,0,0.0175,0.007,0.002,0.0006,0.0001,20089.85,8040.59,2328.35,673.91,251.8,31175.93,31384.49,208.55,510.5887192,-763.3093765,-0.373333333,1274.271429,1160.06,155.18,551.75,470.93,2129.23,0.15,0,-0.01,3005.21,14.6,3018.07,13.89,12.15,0,0,25.77,50.68,21.08,45.72,0.44,0,0,2.04,0.04,2.88,19.06,3.34,1288.41,72.12,414.05,0,0,0,539.8,0.09,14.35,2,1,0.17,0.51,0,0,327.62,327.62,1887.75,0
18,sd,legume_hay,0,1249.54,1249.54,999.63,0,0,0,0,0,0,0,0,0.0176,0.007,0.002,0.0006,0.0001,20227.4,8006.19,2317.79,670.39,250.08,31384.49,31471.85,87.36,922.9214927,-319.74446,-0.373333333,1243.039286,1044.73,156.6,719.05,475.24,2308.13,0.15,0,-0.01,3018.07,13.89,3031.6,15.06,14.7,0,0,33.57,47.6,21.41,46.23,0.51,0,0,1.99,0.04,2.76,21.03,3.37,1288.46,72.65,411.14,0,0,0,539.8,0.09,14.35,2,1,0.17,0.51,0,0,279.62,279.62,1907.47,0
19,sd,legume_hay,0,1266.05,1266.05,1012.84,0,0,0,0,0,0,0,0,0.0177,0.0069,0.002,0.0006,0.0001,20393.16,7972.55,2307.49,666.94,249.43,31471.85,31589.57,117.72,961.3424603,-430.864444,-0.746666667,1392.953571,1028.87,158.31,691.45,480.77,2241.52,0.15,0,-0.02,3031.6,15.06,3043.04,15.33,11.72,0,0,32.27,47.34,21.61,46.98,0.53,0,0,2.23,0.04,3.09,21.15,3.35,1288.45,73.57,414.28,0,0,0,539.8,0.09,14.35,2,1,0.17,0.51,0,0,285.81,285.81,1929.65,0
20,sd,legume_hay,0,1268.63,1268.63,1014.9,0,0,0,0,0,0,0,0,0.0179,0.0069,0.002,0.0006,0.0001,20553.36,7939.49,2297.28,663.52,248.39,31589.57,31702.05,112.48,1042.985558,-411.6856325,-0.746666667,1455.417857,1036.75,159.87,695.03,485.19,2264.21,0.15,0,-0.02,3043.04,15.33,3054.15,15.55,11.33,0,0,32.43,47.72,21.57,47.22,0.55,0,0,2.33,0.05,3.23,21.39,3.34,1288.44,73.69,412.5,0,0,0,539.8,0.09,14.35,2,1,0.17,0.51,0,0,286.79,286.79,1944.17,0
1,sd,trees,0,801.55,801.55,641.24,107.96,81.91,81.91,136.52,0,0,0,0,0.0135,0.0074,0.0022,0.0006,0.0002,15561.55,8562.26,2506.77,738.89,268.42,27021.44,27637.88,616.45,-2243.76255,-2256.255407,0,12.49285714,624.21,18.31,312.3,100,438.32,0.04,0,0,2677.82,1.21,2691.06,2.81,14.84,0,0,14.3,19.75,16.37,29.19,0.02,0,0,0.02,0,0.06,4.47,2.09,1288.83,218.91,382.69,0,0,0,539.8,0.07,14.35,2,1,0.15,0.48,0,107.96,269.43,269.43,648.31,0
2,sd,trees,0,412.77,412.77,330.21,122.21,97.2,97.2,161.99,0,0,0,0,0.0137,0.0074,0.0022,0.0006,0.0002,15754.23,8530.53,2498.92,739.72,274.03,27637.89,27797.43,159.54,-521.4646422,-583.9289279,0,62.46428571,296.4,44.18,936.89,226.14,1343.94,0.06,0,0,2691.06,2.81,2712.04,3.93,22.1,0,0,41.01,13.57,7.25,22.35,0.09,0,0,0.1,0.01,0.16,12.67,2.33,1289.01,154.36,307.39,0,0,0,539.8,0.07,14.35,2,1,0.07,0.51,0,222.15,234.9,234.9,863.78,0
3,sd,trees,0,415.91,415.91,332.73,121.68,109.67,109.67,182.78,0,0,0,0,0.0139,0.0074,0.0022,0.0006,0.0002,16032.43,8498.58,2489.97,738.82,276.38,27797.43,28036.18,238.75,-786.3937479,-873.8437479,0,87.45,309.56,47.86,936.89,304.93,1360.42,0.06,0,0,2712.04,3.93,2731.03,4.26,19.31,0,0,40.38,14.37,7.13,23.96,0.11,0,0,0.14,0.01,0.2,13.43,2.36,1288.99,157.6,308.76,0,0,0,539.8,0.07,14.35,2,1,0.06,0.52,0,328.39,352.3,352.3,1079.28,0
4,sd,trees,0,425.54,425.54,340.43,124.45,112.9,112.9,188.16,0,0,0,0,0.0142,0.0074,0.0022,0.0006,0.0002,16313.96,8466.65,2480.98,737.67,278.2,28036.18,28277.46,241.29,-770.7046331,-883.1403474,0,112.4357143,395.68,50.29,936.89,384.32,1525.82,0.07,0,0,2731.03,4.26,2750.6,4.52,19.82,0,0,40.16,17.07,7.2,24.93,0.12,0,0,0.18,0.01,0.26,14.14,2.38,1288.96,160.01,306.05,0,0,0,539.8,0.07,14.35,2,1,0.06,0.52,0,437.55,468.08,468.08,1292.5,0
5,sd,trees,0,445.33,445.33,356.26,126.25,111.2,111.2,185.34,0,0,0,0,0.0144,0.0073,0.0021,0.0006,0.0002,16596.64,8434.76,2472,736.35,279.64,28277.47,28519.39,241.92,-741.7783397,-885.4461968,0,143.6678571,473.97,52.45,936.89,463.32,1684.61,0.07,0,0,2750.6,4.52,2770.58,4.79,20.26,0,0,40.04,19.52,7.37,25.96,0.14,0,0,0.23,0.02,0.34,14.84,2.41,1288.93,161.88,304.12,0,0,0,539.8,0.07,14.35,2,1,0.07,0.52,0,548.47,581.04,581.04,1505.32,0
6,sd,trees,0,444.09,444.09,355.27,127.65,118.65,118.65,197.75,0,0,0,0,0.0147,0.0073,0.0021,0.0006,0.0002,16860.8,8403.17,2463.21,735,280.92,28519.39,28743.1,223.71,-637.6497383,-818.7961669,0,181.1464286,526.29,54.28,936.89,543.41,1837.08,0.07,0,0,2770.58,4.79,2790.26,5.09,19.97,0,0,39.92,21.19,7.31,26.71,0.15,0,0,0.29,0.02,0.43,15.52,2.43,1288.92,163.27,302.37,0,0,0,539.8,0.07,14.35,2,1,0.07,0.52,0,660.7,694.15,694.15,1718.12,0
7,sd,trees,0,456.26,456.26,365.01,128.95,120.11,120.11,200.19,0,0,0,0,0.0149,0.0073,0.0021,0.0006,0.0002,17122.45,8371.88,2454.57,733.58,282.02,28743.1,28964.5,221.4,-579.2235284,-810.3413855,0,231.1178571,575.92,55.58,936.89,624.67,1971.62,0.08,0,0,2790.26,5.09,2809.63,5.38,19.66,0,0,39.81,22.73,7.41,27.6,0.16,0,0,0.37,0.02,0.54,16.14,2.44,1288.9,163.1,302.36,0,0,0,539.8,0.07,14.35,2,1,0.07,0.53,0,774.14,810.49,810.49,1935.06,0
8,sd,trees,0,460.58,460.58,368.46,129.72,124.99,124.99,208.31,0,0,0,0,0.0151,0.0073,0.0021,0.0006,0.0002,17372.77,8340.97,2446.07,732.15,283.02,28964.5,29174.97,210.47,-495.4938701,-770.3367272,0,274.8428571,616.87,56.81,936.89,707.86,2107.88,0.08,0,0,2809.63,5.38,2828.51,5.67,19.18,0,0,39.71,24.02,7.39,28.33,0.18,0,0,0.44,0.02,0.64,16.76,2.46,1288.89,164.8,300.76,0,0,0,539.8,0.07,14.35,2,1,0.07,0.53,0,888.32,928.46,928.46,2155.55,0
9,sd,trees,0,467.18,467.18,373.74,130.34,128.83,128.83,214.71,0,0,0,0,0.0153,0.0072,0.0021,0.0006,0.0002,17615.52,8310.43,2437.69,730.7,283.92,29174.97,29378.26,203.29,-425.4895063,-744.0573634,0,318.5678571,652.64,57.79,936.89,793.14,2237.1,0.08,0,0,2828.51,5.67,2846.84,5.96,18.61,0,0,39.62,25.13,7.42,29.09,0.19,0,0,0.51,0.02,0.73,17.33,2.47,1288.88,166.09,299.64,0,0,0,539.8,0.07,14.35,2,1,0.07,0.53,0,1003.1,1049.9,1049.9,2381.57,0
10,sd,trees,0,490.38,490.38,392.31,130.96,124.55,124.55,207.58,0,0,0,0,0.0155,0.0072,0.0021,0.0006,0.0002,17866.38,8280.18,2429.38,729.18,284.66,29378.26,29589.79,211.53,-418.1699819,-774.2164105,0,356.0464286,701.86,59.11,936.89,878.99,2365.26,0.09,0,0,2846.84,5.96,2865.1,6.23,18.54,0,0,39.55,26.65,7.66,30.01,0.2,0,0,0.57,0.02,0.82,17.89,2.48,1288.85,166.82,298.78,0,0,0,539.8,0.07,14.35,2,1,0.07,0.53,0,1118.51,1171.21,1171.21,2611.06,0
11,sd,trees,0,494.82,494.82,395.86,131.57,127.88,127.88,213.14,0,0,0,0,0.0157,0.0072,0.0021,0.0006,0.0002,18103,8250.22,2421.12,727.65,285.33,29589.79,29787.33,197.54,-323.2404833,-723.0119119,0,399.7714286,737.24,60.71,936.89,965.46,2502.67,0.09,0,0,2865.1,6.23,2882.97,6.52,18.15,0,0,39.49,27.82,7.65,30.65,0.22,0,0,0.64,0.03,0.91,18.4,2.5,1288.84,168.03,297.37,0,0,0,539.8,0.07,14.35,2,1,0.07,0.53,0,1234.54,1289.95,1289.95,2839.86,0
12,sd,trees,0,495.43,495.43,396.35,132.44,132.5,132.5,220.83,0,0,0,0,0.0159,0.0071,0.0021,0.0006,0.0002,18325.64,8220.66,2413.03,726.13,285.97,29787.33,29971.42,184.09,-230.2874271,-673.7838557,0,443.4964286,758.29,61.78,936.89,1053,2625.79,0.09,0,0,2882.97,6.52,2900.1,6.78,17.38,0,0,39.42,28.52,7.59,31.24,0.23,0,0,0.71,0.03,1,18.88,2.5,1288.84,169.04,296.34,0,0,0,539.8,0.07,14.35,2,1,0.07,0.53,0,1351.42,1411.41,1411.41,3069.96,0
13,sd,trees,0,496.69,496.69,397.35,133.05,138.6,138.6,230.99,0,0,0,0,0.0161,0.0071,0.0021,0.0006,0.0002,18538.87,8191.47,2405.08,724.63,286.58,29971.42,30146.63,175.2,-154.024329,-641.2457576,0,487.2214286,776.02,62.45,936.89,1143.03,2743.08,0.09,0,0,2900.1,6.78,2916.42,7.03,16.57,0,0,39.34,29.09,7.58,31.85,0.24,0,0,0.78,0.03,1.09,19.33,2.51,1288.84,169.87,295.8,0,0,0,539.8,0.07,14.35,2,1,0.07,0.54,0,1468.9,1538.69,1538.69,3307.22,0
14,sd,trees,0,498.23,498.23,398.59,133.4,143.14,143.14,238.56,0,0,0,0,0.0163,0.0071,0.0021,0.0006,0.0002,18743.71,8162.67,2397.26,723.13,287.16,30146.63,30313.93,167.31,-87.66773807,-612.3677381,0,524.7,792.64,62.9,936.89,1235.73,2860.76,0.1,0,0,2916.42,7.03,2932.05,7.26,15.86,0,0,39.26,29.6,7.58,32.34,0.26,0,0,0.84,0.03,1.18,19.76,2.52,1288.83,171.39,294.44,0,0,0,539.8,0.07,14.35,2,1,0.07,0.54,0,1586.76,1670.18,1670.18,3550.05,0
15,sd,trees,0,498.87,498.87,399.09,134,147.66,147.66,246.1,0,0,0,0,0.0165,0.0071,0.0021,0.0006,0.0002,18940.01,8134.21,2389.58,721.65,287.7,30313.93,30473.15,159.22,-14.3327028,-582.7577028,0,568.425,807.04,63.22,936.89,1330.9,2978.74,0.1,0,0,2932.05,7.26,2946.96,7.49,15.13,0,0,39.18,30.02,7.55,32.81,0.27,0,0,0.91,0.03,1.27,20.14,2.53,1288.83,172.89,293.13,0,0,0,539.8,0.07,14.35,2,1,0.07,0.54,0,1705.27,1805.55,1805.55,3798.95,0
16,sd,trees,0,507.25,507.25,405.8,134.6,150.08,150.08,250.13,0,0,0,0,0.0166,0.007,0.0021,0.0006,0.0002,19136.14,8106.05,2381.97,720.16,288.21,30473.15,30632.54,159.38,22.56025603,-583.3433154,0,605.9035714,828.05,63.62,936.89,1428.61,3097.64,0.1,0,0,2946.96,7.49,2961.41,7.7,14.66,0,0,39.11,30.65,7.65,33.4,0.28,0,0,0.97,0.03,1.35,20.48,2.53,1288.82,172.19,293.62,0,0,0,539.8,0.07,14.35,2,1,0.07,0.54,0,1824.45,1945.5,1945.5,4056.25,0
17,sd,trees,0,511.4,511.4,409.12,134.61,152.86,152.86,254.77,0,0,0,0,0.0168,0.007,0.0021,0.0006,0.0002,19274.59,8078.95,2374.44,718.69,288.7,30632.54,30735.37,102.83,260.7698395,-376.3658748,0,637.1357143,874,64.21,803.05,1528.49,3166.82,0.1,0,0,2961.41,7.7,2972.79,7.55,11.24,0,0,33.44,31.99,7.68,33.85,0.26,0,0,1.02,0.03,1.44,18.99,2.5,1288.8,173.27,293.12,0,0,0,539.8,0.07,14.35,2,1,0.07,0.54,0,1943.7,2094.69,2094.69,4317.95,0
18,sd,trees,0,514.17,514.17,411.34,135.79,153.85,153.85,256.42,0,0,0,0,0.0169,0.007,0.0021,0.0006,0.0002,19480.8,8051.14,2367.06,717.18,289.1,30735.37,30905.27,169.9,40.27408715,-621.8473415,0,662.1214286,875.89,64.75,936.89,1629.18,3336.71,0.1,0,0,2972.79,7.55,2986.79,8.09,14.54,0,0,38.98,32.09,7.71,34.09,0.29,0,0,1.06,0.03,1.45,20.97,2.54,1288.81,173.62,292.14,0,0,0,539.8,0.07,14.35,2,1,0.07,0.54,0,2064.25,2228.6,2228.6,4579.77,0
19,sd,trees,0,514.01,514.01,411.21,136.39,158.53,158.53,264.21,0,0,0,0,0.0171,0.007,0.0021,0.0006,0.0002,19660.21,8023.75,2359.64,715.69,289.51,30905.28,31048.8,143.52,198.917911,-525.29447,-0.373333333,724.5857143,873.49,65.13,936.89,1731.5,3463.35,0.1,0,-0.01,2986.79,8.09,2999.98,8.27,13.36,0,0,38.91,32.06,7.66,34.55,0.31,0,0,1.16,0.04,1.6,21.24,2.54,1288.81,173.59,291.9,0,0,0,539.8,0.07,14.35,2,1,0.06,0.54,0,2185.41,2373.08,2373.08,4847.07,0
20,sd,trees,0,518.26,518.26,414.6,136.98,160.49,160.49,267.49,0,0,0,0,0.0172,0.007,0.002,0.0006,0.0002,19834.27,7996.67,2352.33,714.2,289.88,31048.8,31187.35,138.54,254.6236735,-507.0672789,-0.373333333,762.0642857,885.52,65.45,936.89,1835.7,3584.89,0.11,0,-0.01,2999.98,8.27,3012.71,8.45,12.91,0,0,38.85,32.42,7.7,34.95,0.32,0,0,1.22,0.04,1.67,21.46,2.54,1288.8,174.42,291.12,0,0,0,539.8,0.07,14.35,2,1,0.07,0.54,0,2307.23,2521.09,2521.09,5119.02,0
1,sd,compost,0,1133.97,1133.97,907.17,0,0,0,0,0,0,0,0,0.0139,0.0074,0.0022,0.0006,0.0002,16037.48,8558.56,2502.78,735.6,265.64,27021.44,28100.06,1078.62,-2698.548185,-3947.833899,0,1249.285714,995.65,26.06,626.3,93.13,662.45,0.07,0,0,2677.82,1.21,2709.99,8.16,39.12,0,0,35.6,31.12,22.94,35.15,0.15,0,0,2,0.01,2.95,8.83,3.15,1288.62,59.01,512.45,0,0,0,539.8,19.49,14.35,2,1,0.19,0.48,0,0,299.47,299.47,728.63,0
2,sd,compost,0,1108.14,1108.14,886.51,0,0,0,0,0,0,0,0,0.0143,0.0074,0.0022,0.0006,0.0002,16401.93,8520.17,2490.42,732.62,268.31,28100.06,28413.45,313.39,-940.8998662,-1147.032009,0,206.1321429,846.87,75.05,702.91,236.99,1548.27,0.12,0,0,2709.99,8.16,2740.27,8.95,31.07,0,0,33,32.71,21.36,36.49,0.18,0,0,0.33,0.02,0.49,11.11,3.47,1288.58,61,438.31,0,0,0,539.8,0.06,14.35,2,1,0.18,0.49,0,0,226.4,226.4,1144.37,0
3,sd,compost,0,1068.54,1068.54,854.84,0,0,0,0,0,0,0,0,0.0145,0.0074,0.0022,0.0006,0.0002,16673.54,8480.91,2477.02,728.07,268.3,28413.45,28627.83,214.39,-559.8128064,-784.684235,0,224.8714286,743.92,102.19,659.93,314.5,1606.04,0.12,0,0,2740.27,8.95,2764.28,9.47,24.54,0,0,30.97,33.01,19.96,36.47,0.2,0,0,0.36,0.02,0.54,11.75,3.48,1288.61,60.71,428.09,0,0,0,539.8,0.06,14.35,2,1,0.17,0.49,0,0,211.55,211.55,1359.17,0
4,sd,compost,0,1125.44,1125.44,900.35,0,0,0,0,0,0,0,0,0.0149,0.0073,0.0021,0.0006,0.0002,17136.24,8441.26,2463.93,723.53,266.77,28627.84,29031.73,403.89,-54.08340159,-1478.269116,0,1424.185714,804.4,118.02,965.01,361.6,1845.04,0.13,0,0,2764.28,9.47,2796.36,10.53,33.13,0,0,51.48,36.56,19.85,40.88,0.38,0,0,2.28,0.03,3.32,17.37,3.52,1288.56,67.78,414.92,0,0,0,539.8,0.06,14.35,2,1,0.17,0.5,0,0,232.97,232.97,1520.61,0
5,sd,compost,0,1107.1,1107.1,885.68,0,0,0,0,0,0,0,0,0.0151,0.0073,0.0021,0.0006,0.0002,17361.83,8402.98,2451.26,719.08,265.84,29031.73,29200.99,169.26,-151.0227483,-619.5048912,0,468.4821429,796.65,128.49,663.88,391.25,1810.88,0.13,0,0,2796.36,10.53,2817.76,10.5,21.37,0,0,31.14,37.57,20.24,38.67,0.25,0,0,0.75,0.02,1.09,14.14,3.48,1288.58,63.85,423.88,0,0,0,539.8,0.06,14.35,2,1,0.17,0.5,0,0,226.05,226.05,1602.08,0
6,sd,compost,0,1110.37,1110.37,888.3,0,0,0,0,0,0,0,0,0.0153,0.0073,0.0021,0.0006,0.0002,17599.79,8365.91,2438.94,714.74,265.01,29200.99,29384.4,183.41,-184.0735737,-671.2950023,0,487.2214286,795.86,134.07,659.72,407.41,1813.5,0.13,0,0,2817.76,10.5,2837.03,10.99,19.76,0,0,30.93,38.19,20.12,39.11,0.27,0,0,0.78,0.02,1.13,14.98,3.46,1288.57,64.32,423.41,0,0,0,539.8,0.06,14.35,2,1,0.17,0.5,0,0,227.28,227.28,1651.36,0
7,sd,compost,0,1117.36,1117.36,893.89,0,0,0,0,0,0,0,0,0.0155,0.0072,0.0021,0.0006,0.0002,17832.55,8329.71,2426.94,710.53,263.87,29384.39,29563.6,179.21,-75.00481542,-655.9226725,0,580.9178571,805.43,137.56,660.46,417.54,1841.67,0.13,0,0,2837.03,10.99,2854.9,11.41,18.29,0,0,30.95,38.85,20.08,39.68,0.29,0,0,0.93,0.03,1.34,15.81,3.45,1288.57,65.01,421.76,0,0,0,539.8,0.06,14.35,2,1,0.17,0.5,0,0,229.92,229.92,1684.45,0
8,sd,compost,0,1186.09,1186.09,948.87,0,0,0,0,0,0,0,0,0.0159,0.0072,0.0021,0.0006,0.0002,18260.09,8292.98,2415.15,706.44,261.83,29563.6,29936.48,372.88,452.9406335,-1364.770081,0,1817.710714,893.01,141.39,976.05,430.3,2067.74,0.14,0,0,2854.9,11.41,2882.59,12.39,28.67,0,0,51.95,41.74,20.25,44.37,0.5,0,0,2.91,0.03,4.21,20.48,3.48,1288.51,72.39,409.87,0,0,0,539.8,0.06,14.35,2,1,0.17,0.51,0,0,255.78,255.78,1748.43,0
9,sd,compost,0,1167.63,1167.63,934.1,0,0,0,0,0,0,0,0,0.016,0.0072,0.0021,0.0006,0.0002,18445.3,8257.28,2403.66,702.42,260.9,29936.48,30069.56,133.08,324.9524642,-487.0832501,0,812.0357143,888.64,145.28,677.42,441.07,2019.22,0.14,0,0,2882.59,12.39,2900,12.27,17.3,0,0,31.73,42.06,20.73,41.96,0.35,0,0,1.3,0.03,1.85,17.46,3.44,1288.53,68.19,419.56,0,0,0,539.8,0.06,14.35,2,1,0.17,0.5,0,0,248.8,248.8,1773.41,0
10,sd,compost,0,1167.28,1167.28,933.83,0,0,0,0,0,0,0,0,0.0162,0.0071,0.0021,0.0006,0.0002,18642.04,8222.56,2392.4,698.48,259.94,30069.56,30215.41,145.85,284.45969,-533.8224529,0,818.2821429,883.08,146.96,673.31,445.83,2003.18,0.14,0,0,2900,12.27,2915.61,12.69,16.03,0,0,31.52,42.08,20.59,42.18,0.36,0,0,1.31,0.03,1.87,17.97,3.43,1288.53,68.3,418.85,0,0,0,539.8,0.06,14.35,2,1,0.17,0.5,0,0,248.69,248.69,1787.65,0
11,sd,compost,0,1171.38,1171.38,937.1,0,0,0,0,0,0,0,0,0.0164,0.0071,0.0021,0.0006,0.0002,18835.98,8188.54,2381.33,694.63,258.87,30215.42,30359.35,143.94,378.90044,-526.8317029,0,905.7321429,888.11,148.02,673.24,448.97,2014.24,0.14,0,0,2915.61,12.69,2930.11,13.05,14.85,0,0,31.51,42.33,20.53,42.58,0.38,0,0,1.45,0.03,2.06,18.49,3.41,1288.52,68.67,418.06,0,0,0,539.8,0.06,14.35,2,1,0.17,0.5,0,0,250.22,250.22,1798.55,0
12,sd,compost,0,1240.48,1240.48,992.39,0,0,0,0,0,0,0,0,0.0167,0.0071,0.0021,0.0006,0.0001,19231.6,8153.97,2370.33,690.87,256.92,30359.35,30703.69,344.34,919.6921316,-1260.311439,0,2180.003571,975.44,150.36,988.14,457.33,2226.79,0.15,0,0,2930.11,13.05,2954.84,13.97,25.65,0,0,52.47,45.04,20.69,47.27,0.62,0,0,3.49,0.04,5.01,22.48,3.44,1288.47,75.95,406.47,0,0,0,539.8,0.06,14.35,2,1,0.17,0.51,0,0,276.23,276.23,1849.95,0
13,sd,compost,0,1219.7,1219.7,975.76,0,0,0,0,0,0,0,0,0.0169,0.0071,0.0021,0.0006,0.0001,19386.82,8120.21,2359.57,687.14,256,30703.69,30809.74,106.05,729.9593864,-388.1513276,0,1118.110714,968.54,153.35,689.46,465.48,2170.63,0.15,0,0,2954.84,13.97,2969.59,13.77,14.55,0,0,32.24,45.18,21.21,44.63,0.44,0,0,1.79,0.04,2.53,19.62,3.4,1288.48,71.44,416.35,0,0,0,539.8,0.06,14.35,2,1,0.17,0.51,0,0,268.39,268.39,1866.13,0
14,sd,compost,0,1218.63,1218.63,974.9,0,0,0,0,0,0,0,0,0.017,0.007,0.002,0.0006,0.0001,19556.88,8087.27,2348.99,683.47,255.17,30809.74,30931.78,122.03,677.7177606,-446.6393824,0,1124.357143,961.48,154.42,684.84,468.49,2147.03,0.15,0,0,2969.59,13.77,2982.8,14.12,13.57,0,0,32.02,45.09,21.1,44.75,0.45,0,0,1.8,0.04,2.53,19.93,3.39,1288.48,71.37,416.17,0,0,0,539.8,0.06,14.35,2,1,0.17,0.51,0,0,267.98,267.98,1874.79,0
15,sd,compost,0,1221.85,1221.85,977.48,0,0,0,0,0,0,0,0,0.0172,0.007,0.002,0.0006,0.0001,19727.56,8054.89,2338.56,679.85,254.12,30931.78,31054.97,123.2,742.1461827,-450.9216743,0,1193.067857,965.17,155.08,684.6,470.41,2151.88,0.15,0,0,2982.8,14.12,2995.16,14.42,12.65,0,0,32,45.25,21.04,45.07,0.47,0,0,1.91,0.04,2.68,20.28,3.37,1288.48,71.61,415,0,0,0,539.8,0.06,14.35,2,1,0.17,0.51,0,0,269.21,269.21,1881.91,0
16,sd,compost,0,1289.84,1289.84,1031.87,0,0,0,0,0,0,0,0,0.0175,0.007,0.002,0.0006,0.0001,20101.85,8021.91,2328.11,676.3,252.26,31054.98,31380.44,325.46,1313.235367,-1191.209157,-0.373333333,2504.817857,1050.88,157.14,999.32,477.86,2359.6,0.16,0,-0.01,2995.16,14.42,3018.04,15.29,23.75,0,0,52.95,47.87,21.19,49.69,0.73,0,0,4.01,0.05,5.7,23.81,3.4,1288.43,78.66,403.93,0,0,0,539.8,0.06,14.35,2,1,0.17,0.51,0,0,294.79,294.79,1930.38,0
17,sd,compost,0,1267.93,1267.93,1014.35,0,0,0,0,0,0,0,0,0.0177,0.0069,0.002,0.0006,0.0001,20325.66,7990.2,2317.87,672.79,251.27,31380.44,31557.79,177.36,737.1822824,-649.1515273,-0.373333333,1386.707143,1222.65,159.9,566.37,485.36,2256.77,0.16,0,-0.01,3018.04,15.29,3032.55,14.06,13.27,0,0,26.45,52.98,21.73,46.93,0.47,0,0,2.22,0.04,3.12,19.46,3.34,1288.38,74.02,413.68,0,0,0,539.8,0.06,14.35,2,1,0.17,0.51,0,0,340.83,340.83,1944.14,0
18,sd,compost,0,1271.52,1271.52,1017.22,0,0,0,0,0,0,0,0,0.0178,0.0069,0.002,0.0006,0.0001,20447.16,7958.12,2307.62,669.29,249.84,31557.79,31632.02,74.22,1014.366591,-271.6510281,-0.746666667,1286.764286,1082.5,160.92,726.52,488.3,2383.85,0.16,0,-0.02,3032.55,14.06,3046.56,15.31,15.27,0,0,33.92,49.16,21.8,47.02,0.53,0,0,2.06,0.05,2.84,21.37,3.36,1288.44,73.9,411.48,0,0,0,539.8,0.06,14.35,2,1,0.17,0.51,0,0,287.88,287.88,1954.44,0
19,sd,compost,0,1282.95,1282.95,1026.36,0,0,0,0,0,0,0,0,0.0179,0.0069,0.002,0.0006,0.0001,20604.21,7926.81,2297.6,665.84,249.24,31632.02,31743.69,111.67,1039.703793,-408.7209689,-0.746666667,1449.171429,1056.22,161.88,696.22,491.44,2293.92,0.16,0,-0.02,3046.56,15.31,3058.04,15.61,11.77,0,0,32.5,48.52,21.88,47.66,0.55,0,0,2.32,0.05,3.2,21.52,3.34,1288.43,74.64,414.16,0,0,0,539.8,0.06,14.35,2,1,0.17,0.51,0,0,292.16,292.16,1967.85,0
20,sd,compost,0,1338.95,1338.95,1071.16,0,0,0,0,0,0,0,0,0.0182,0.0069,0.002,0.0006,0.0001,20957.08,7894.95,2287.54,662.45,247.4,31743.69,32049.41,305.72,1684.567222,-1118.959207,-1.12,2804.646429,1129.28,164.09,1012.69,498.97,2499.17,0.16,0,-0.03,3058.04,15.61,3079.93,16.47,22.75,0,0,53.53,50.8,21.77,51.93,0.83,0,0,4.49,0.05,6.32,24.8,3.36,1288.39,81.04,401.91,0,0,0,539.8,0.06,14.35,2,1,0.17,0.52,0,0,313.25,313.25,2012.15,0