site,practice,Year ,GrainC1,LeafC1,StemC1,RootC1,GrainC2,LeafC2,StemC2,RootC2,GrainC3,LeafC3,StemC3,RootC3,%SOC_10cm,%SOC_20cm,%SOC_30cm,%SOC_40cm,%SOC_50cm,kgSOC_10cm,kgSOC_20cm,kgSOC_30cm,kgSOC_40cm,kgSOC_50cm,IniSOC     ,End_SOC    ,dSOC       ,GWP,CO2_GWP,CH4_GWP,N2O_GWP,ShootLitterC_input,RootLitterC_input,ManureC_input,RootExudation_DOC,Soil-CO2,Leach_C    ,Runoff_C   ,CH4,IniSON     ,IniSIN     ,EndSON     ,EndSIN     ,dSN        ,Atmo_N_input,Fertilizer_N_input,Manure_N_input,Litter_N_input,N_fixation ,Crop_N_uptake,Leach_NO3,Runoff_SON ,Leach_DON  ,N2O_flux,NO_flux    ,N2_flux,NH3_flux,exchengeable-NH4,PET        ,Transpiration,Evaporation,WaterLeach ,Runoff     ,Irrigation ,Precipitation,DeepWater  ,MeanT      ,WindSpeed  ,ColdStress ,WaterStress,N_Stress   ,Cut_CropC  ,yr_end_grain,yr_end_leaf,yr_end_stem,yr_end_root,yr_end_stub
BZ,organic,1,119.99,2161.53,2161.53,1753.39,0,0,0,0,0,0,0,0,0.0347,0.0193,0.0057,0.0017,0.0004,39989.39,22270.92,6525.08,1920.55,685.46,70840.41,71391.41,551.01,802.2108458,-2016.739868,-48.16,2867.110714,1485.19,35.65,624.59,146.21,1601.24,140.66,0,-1.29,7020.28,1.21,7010.22,40.94,29.67,0,0,29.34,46.05,44.24,70.03,3.63,0,0,4.59,0.02,0.09,8.08,11.85,559.13,117.54,399.6,21290.49,0,0,22234,64.04,26.97,2,1,0.27,0.16,0,48.54,781.31,781.31,1539.06,0
BZ,organic,2,121.06,2732.11,2732.11,2210.07,0,0,0,0,0,0,0,0,0.0357,0.0191,0.0056,0.0016,0.0004,41158.44,22028.21,6458.7,1901.92,679.06,71391.41,72226.33,834.91,158.5062191,-3055.836162,-46.29333333,3260.635714,2482.92,76.23,936.89,425.85,2842.82,245.39,0,-1.24,7010.22,40.94,7036,41.6,26.43,0,0,43.99,78.91,44.44,111.26,4.5,0,0,5.22,0.02,0.13,12.27,12.08,558.91,185.98,304.24,21316.18,0,0,22234,64.04,26.97,2,1,0.27,0.2,0,65.2,1314.15,1314.15,3290.85,0
BZ,organic,3,122.84,2772.39,2772.39,2242.64,0,0,0,0,0,0,0,0,0.0366,0.0189,0.0055,0.0016,0.0004,42170.86,21796.12,6394.61,1883.87,672.86,72226.34,72918.34,691.99,927.4553569,-2532.737739,-44.05333333,3504.246429,3041.56,112.5,936.89,681.86,3783.81,297.85,0,-1.18,7036,41.6,7073.76,42.08,38.24,0,0,43.97,98.88,44.65,113.75,5.07,0,0,5.61,0.03,0.14,13.58,12.55,558.78,189.35,274.03,21343.19,0,0,22234,64.04,26.97,2,1,0.27,0.2,0,76.2,1611.66,1611.66,4857.08,0
BZ,organic,4,124.86,2813.79,2813.79,2276.14,0,0,0,0,0,0,0,0,0.0374,0.0187,0.0055,0.0016,0.0004,43081.22,21574.04,6333.2,1866.54,666.92,72918.34,73521.91,603.57,1590.253309,-2209.113596,-42.18666667,3841.553571,3372.93,145.03,936.89,911.03,4424.06,339.32,0,-1.13,7073.76,42.08,7115.53,42.77,42.47,0,0,43.96,111.99,44.85,116.32,5.94,0,0,6.15,0.04,0.15,15.45,13.18,558.71,192.85,260.68,21353.09,0,0,22234,64.04,26.97,2,1,0.27,0.2,0,83.21,1787.89,1787.89,6261.27,0
BZ,organic,5,126.91,2858.57,2858.57,2312.35,0,0,0,0,0,0,0,0,0.0381,0.0185,0.0054,0.0016,0.0004,43919.48,21360.47,6274.01,1849.8,661.17,73521.91,74064.94,543.02,2219.755588,-1987.495841,-40.32,4247.571429,3589.3,174.31,936.89,1117.02,4902.1,373.62,0,-1.08,7115.53,42.77,7157.56,43.53,42.79,0,0,43.94,121.48,45.05,119.15,6.95,0,0,6.8,0.05,0.17,17.41,13.83,558.67,196.74,253.11,21356.8,0,0,22234,64.04,26.97,2,1,0.27,0.21,0,87.99,1902.86,1902.86,7525.6,0
BZ,organic,6,128.91,2902.49,2902.49,2347.87,0,0,0,0,0,0,0,0,0.0388,0.0183,0.0054,0.0016,0.0004,44701.41,21154.28,6216.86,1833.62,655.61,74064.93,74561.78,496.85,2846.597365,-1818.510015,-38.45333333,4703.560714,3744.98,200.74,936.89,1302.73,5287.09,402.7,0,-1.03,7157.56,43.53,7198.23,44.23,41.37,0,0,43.92,128.92,45.26,121.91,8,0,0,7.53,0.06,0.2,19.29,14.44,558.64,200.49,248.31,21357.88,0,0,22234,64.04,26.97,2,1,0.27,0.21,0,91.52,1985.53,1985.53,8666.56,0
BZ,organic,7,130.83,2943.87,2943.87,2381.34,0,0,0,0,0,0,0,0,0.0394,0.0182,0.0053,0.0016,0.0004,45436.29,20954.24,6161.38,1817.9,650.2,74561.78,75020.01,458.23,3495.77698,-1677.157783,-36.58666667,5209.521429,3866.6,224.62,936.89,1470.42,5613.47,427.72,0,-0.98,7198.23,44.23,7236.81,44.91,39.26,0,0,43.91,135.1,45.46,124.48,9.01,0,0,8.34,0.07,0.24,20.99,14.98,558.61,203.91,244.86,21357.93,0,0,22234,64.04,26.97,2,1,0.27,0.21,0,94.36,2050.09,2050.09,9697.42,0
BZ,organic,8,132.64,2983.59,2983.59,2413.46,0,0,0,0,0,0,0,0,0.04,0.018,0.0053,0.0016,0.0004,46131.64,20759.78,6107.41,1802.59,644.94,75020.01,75446.37,426.36,4157.729634,-1560.51108,-34.72,5752.960714,3968.85,246.23,936.89,1622.08,5899.68,449.47,0,-0.93,7236.81,44.91,7273.18,45.42,36.88,0,0,43.89,140.46,45.66,126.93,9.93,0,0,9.21,0.08,0.28,22.51,15.45,558.59,207.1,242.07,21357.52,0,0,22234,64.04,26.97,2,1,0.27,0.21,0,96.76,2104.35,2104.35,10630.47,0
BZ,organic,9,134.36,3019.89,3019.89,2442.82,0,0,0,0,0,0,0,0,0.0406,0.0178,0.0053,0.0016,0.0004,46790.23,20570.11,6054.72,1787.64,639.81,75446.37,75842.51,396.14,4851.121731,-1449.903507,-32.85333333,6333.878571,4057.71,265.8,936.89,1759.37,6155.95,468.54,0,-0.88,7273.18,45.42,7307.23,45.91,34.53,0,0,43.88,145.2,45.85,129.13,10.77,0,0,10.14,0.09,0.33,23.84,15.86,558.58,209.86,239.72,21357.11,0,0,22234,64.04,26.97,2,1,0.27,0.21,0,98.88,2151.48,2151.48,11475.23,0
BZ,organic,10,135.98,3052.98,3052.98,2469.61,0,0,0,0,0,0,0,0,0.0411,0.0177,0.0052,0.0015,0.0004,47416.26,20384.55,6003.2,1773.02,634.78,75842.51,76211.81,369.3,5581.740858,-1351.666999,-31.36,6964.767857,4136.46,283.52,936.89,1883.66,6386.98,485.33,0,-0.84,7307.23,45.91,7339.17,46.19,32.23,0,0,43.86,149.43,46.05,131.09,11.51,0,0,11.15,0.1,0.38,25.05,16.16,558.56,212.23,237.82,21356.66,0,0,22234,64.04,26.97,2,1,0.27,0.22,0,100.81,2193.24,2193.24,12240.25,0
BZ,organic,11,137.51,3083.08,3083.08,2493.98,0,0,0,0,0,0,0,0,0.0416,0.0175,0.0052,0.0015,0.0004,48011.67,20202.8,5952.73,1758.65,629.84,76211.8,76555.68,343.88,6363.753863,-1258.627803,-29.49333333,7651.875,4207.06,299.57,936.89,1996.22,6596.47,500.16,0,-0.79,7339.17,46.19,7369.04,46.25,29.93,0,0,43.85,153.24,46.25,132.83,12.21,0,0,12.25,0.11,0.45,26.16,16.3,558.55,214.22,236.06,21356.44,0,0,22234,64.04,26.97,2,1,0.27,0.22,0,102.58,2230.64,2230.64,12933.14,0
BZ,organic,12,138.94,3109.56,3109.56,2515.44,0,0,0,0,0,0,0,0,0.0421,0.0174,0.0051,0.0015,0.0004,48578.46,20024.5,5903.13,1744.53,624.98,76555.68,76875.61,319.93,7171.245363,-1170.968923,-28,8370.214286,4269.88,314.09,936.89,2098.11,6786.62,513.28,0,-0.75,7369.04,46.25,7396.96,46.19,27.87,0,0,43.83,156.64,46.44,134.3,12.79,0,0,13.4,0.12,0.52,27.11,16.39,558.54,215.78,234.5,21356.44,0,0,22234,64.04,26.97,2,1,0.27,0.22,0,104.22,2263.9,2263.9,13560.17,0
BZ,organic,13,140.32,3132.52,3132.52,2534.07,0,0,0,0,0,0,0,0,0.0426,0.0172,0.0051,0.0015,0.0004,49117.32,19849.6,5854.43,1730.64,620.2,76875.59,77172.19,296.59,8007.736358,-1085.54269,-26.50666667,9119.785714,4325.26,327.22,936.89,2190.22,6958.52,524.92,0,-0.71,7396.96,46.19,7423.04,46.12,26,0,0,43.82,159.67,46.64,135.52,13.26,0,0,14.6,0.13,0.61,27.93,16.46,558.53,216.92,233.24,21356.56,0,0,22234,64.04,26.97,2,1,0.27,0.22,0,105.74,2293.18,2293.18,14126.9,0
BZ,organic,14,141.59,3154.44,3154.44,2551.85,0,0,0,0,0,0,0,0,0.043,0.0171,0.005,0.0015,0.0004,49632.02,19677.48,5806.61,1716.97,615.5,77172.2,77448.58,276.38,8914.348211,-1011.572503,-24.64,9950.560714,4375.71,339.1,936.89,2273.57,7114.09,535.25,0,-0.66,7423.04,46.12,7447.42,45.98,24.23,0,0,43.8,162.42,46.83,136.66,13.67,0,0,15.93,0.13,0.71,28.48,16.47,558.52,217.93,232.05,21356.75,0,0,22234,64.04,26.97,2,1,0.27,0.22,0,107.15,2319.84,2319.84,14639.97,0
BZ,organic,15,142.8,3174.44,3174.44,2568.09,0,0,0,0,0,0,0,0,0.0435,0.0169,0.005,0.0015,0.0004,50124.25,19508.25,5759.46,1703.54,610.86,77448.58,77706.36,257.78,9808.447581,-943.4950423,-23.14666667,10775.08929,4421.73,349.86,936.89,2349.03,7255.82,544.45,0,-0.62,7447.42,45.98,7470.21,45.82,22.64,0,0,43.79,164.91,47.02,137.66,13.96,0,0,17.25,0.14,0.82,28.98,16.49,558.51,218.72,230.97,21357.06,0,0,22234,64.04,26.97,2,1,0.27,0.22,0,108.46,2344.14,2344.14,15104.58,0
BZ,organic,16,143.96,3192.83,3192.83,2583.02,0,0,0,0,0,0,0,0,0.0439,0.0168,0.005,0.0015,0.0004,50595.8,19341.6,5713.06,1690.3,606.29,77706.36,77947.05,240.7,10734.4622,-880.980901,-21.65333333,11637.09643,4463.87,359.61,936.89,2417.38,7385.08,552.66,0,-0.58,7470.21,45.82,7491.56,45.64,21.17,0,0,43.77,167.16,47.21,138.54,14.16,0,0,18.63,0.14,0.95,29.34,16.52,558.5,219.32,229.99,21357.43,0,0,22234,64.04,26.97,2,1,0.27,0.22,0,109.7,2366.38,2366.38,15525.5,0
BZ,organic,17,145.05,3209.7,3209.7,2596.73,0,0,0,0,0,0,0,0,0.0443,0.0166,0.0049,0.0015,0.0003,51089.92,19177.01,5667.2,1677.25,601.89,77947.05,78213.27,266.21,11179.40645,-974.3495042,-20.53333333,12174.28929,4640.93,368.45,803.05,2479.33,7466.24,560.02,0,-0.55,7491.56,45.64,7511.75,45.58,20.13,0,0,37.51,173.09,47.4,139.31,14.75,0,0,19.49,0.15,0.73,27.36,16.54,558.48,219.74,231.66,21355.32,0,0,22234,64.04,26.97,2,1,0.27,0.22,0,114.27,2460.13,2460.13,15907,0
BZ,organic,18,146.08,3226.36,3226.36,2610.25,0,0,0,0,0,0,0,0,0.0447,0.0165,0.0049,0.0014,0.0003,51544.71,19015.11,5622.36,1664.41,597.37,78213.27,78443.95,230.69,12597.67005,-844.343515,-19.04,13461.05357,4611.11,376.48,936.89,2535.57,7663.36,566.58,0,-0.51,7511.75,45.58,7532.67,45.19,20.53,0,0,43.74,173.13,47.59,140.07,14.29,0,0,21.55,0.15,1.24,29.79,16.44,558.47,220.14,227.41,21359.19,0,0,22234,64.04,26.97,2,1,0.27,0.22,0,113.7,2444.24,2444.24,16253.72,0
BZ,organic,19,147.13,3239.59,3239.59,2621.04,0,0,0,0,0,0,0,0,0.0451,0.0164,0.0048,0.0014,0.0003,51956.28,18855.02,5577.78,1651.71,592.99,78443.95,78633.79,189.84,13691.88832,-694.8293072,-17.54666667,14404.26429,4608.79,383.75,936.89,2586.52,7753.98,572.39,0,-0.47,7532.67,45.19,7551.3,45,18.44,0,0,43.73,173.85,47.78,140.58,14.22,0,0,23.06,0.15,1.41,29.96,16.4,558.47,220.16,226.69,21359.91,0,0,22234,64.04,26.97,2,1,0.27,0.22,0,113.91,2442.88,2442.88,16567.55,0
BZ,organic,20,148.1,3254.28,3254.28,2632.98,0,0,0,0,0,0,0,0,0.0454,0.0162,0.0048,0.0014,0.0003,52353.86,18696.96,5533.75,1639.16,588.65,78633.78,78812.38,178.6,14652.74593,-653.6900246,-16.05333333,15322.48929,4622.14,390.37,936.89,2632.84,7826.38,577.59,0,-0.43,7551.3,45,7568.29,44.75,16.75,0,0,43.72,174.93,47.97,141.2,14.1,0,0,24.53,0.15,1.6,30.12,16.33,558.47,220.35,226.39,21360.01,0,0,22234,64.04,26.97,2,1,0.27,0.22,0,114.48,2449.83,2449.83,16853.47,0
BZ,regen,1,5019.04,2565.82,2565.82,1218.76,1887.39,230.9,230.9,6465.24,137.32,2774.49,2774.49,2245.95,0.0362,0.0197,0.0057,0.0017,0.0004,41726.82,22685.96,6569.06,1921.77,686.03,70840.41,73589.63,2749.22,-7424.183464,-10062.36108,-47.78666667,2685.964286,2403.95,1263.82,1094.74,1165.45,2844.56,335.42,0,-1.28,7020.28,1.21,7064.28,35.9,78.69,0,0,64.26,86.18,260.92,300.93,3.27,0,0,4.3,0.02,0.15,12.31,12.09,558.75,1404.31,266.16,20135.48,0,0,22234,64.04,26.97,2,1,0.34,0.37,0,2077.81,1643.87,1643.87,8661.05,9460.5
BZ,regen,2,1765,1092.16,136.52,3822.55,224.33,1022.47,7157.26,4576.06,55.15,373.15,245.21,266.54,0.0391,0.0194,0.0056,0.0017,0.0004,45075.33,22393.12,6502.02,1905.79,681.61,73589.63,76557.88,2968.24,-8084.285768,-10863.99148,-43.68,2823.385714,7629,133.12,936.89,2232.95,7447.27,517.61,0,-1.17,7064.28,35.9,7231.45,30.3,161.57,0,0,72.15,149.02,195.4,251.98,2.89,0,0,4.52,0.03,0.11,16.88,10.3,558.88,970.9,37.24,20796.74,0,0,22234,64.04,26.97,2,1,0.23,0.27,0,4136.11,3030.56,4843.87,16821.82,6566.24
BZ,regen,3,1773.94,1097.69,137.21,3841.91,231.46,1045.11,7315.77,4667.15,55.18,333.82,219.37,238.44,0.0414,0.0192,0.0056,0.0016,0.0004,47683.21,22116.02,6433.13,1887.46,675.16,76557.88,78794.98,2237.1,-4622.59905,-8187.961669,-38.82666667,3604.189286,8102.95,211.74,936.89,3434.6,9795.19,654.84,0,-1.04,7231.45,30.3,7405.3,33.96,177.51,0,0,74.12,196.5,196.3,254.87,4.16,0,0,5.77,0.04,0.14,19.37,11.96,558.56,992.5,53.96,20758.6,0,0,22234,64.04,26.97,2,1,0.23,0.27,0,6225.76,4518.53,6779.4,24571.67,4557.43
BZ,regen,4,1729.83,1103.2,137.9,3861.19,238.25,1085.58,7599.06,4854.6,55.2,474.74,311.97,339.1,0.0435,0.019,0.0055,0.0016,0.0004,50159.27,21855.43,6367.39,1869.77,668.96,78794.98,80920.81,2125.84,-2586.453952,-7780.741332,-33.97333333,5228.260714,8402.89,284.56,1250.89,4619.63,11657.16,775.77,0,-0.91,7405.3,33.96,7584.82,37.89,183.45,0,0,96.84,230.73,195.24,269.57,6.15,0,0,8.37,0.08,0.22,25.1,13.94,558.24,1017.46,70.11,20717.49,0,0,22234,64.04,26.97,2,1,0.23,0.27,0,8330.69,6246.51,8311.63,32256.51,3163.17
BZ,regen,5,1738.42,1108.68,138.58,3880.37,243.77,1102.39,7716.72,4920.96,55.23,413.22,271.55,295.16,0.0454,0.0187,0.0055,0.0016,0.0004,52288.58,21608.6,6304.01,1852.48,662.87,80920.8,82716.54,1795.73,-199.7901909,-6572.51281,-29.86666667,6402.589286,8560.52,349.82,936.89,5754.4,12922.52,884.14,0,-0.8,7584.81,37.89,7748.72,39.81,165.82,0,0,77.51,254.75,196.12,270.04,7.41,0,0,10.25,0.1,0.32,27.76,14.77,557.93,1031.21,85.99,20687.9,0,0,22234,64.04,26.97,2,1,0.23,0.27,0,10466.82,7893.11,9430.7,39574.69,2195.46
BZ,regen,6,1746.98,1114.13,139.27,3899.46,241.59,1118.24,7827.68,4994.79,65.64,440.02,289.15,314.3,0.0471,0.0185,0.0054,0.0016,0.0004,54275.7,21373.45,6242.83,1835.64,656.95,82716.54,84384.57,1668.03,2358.38898,-6105.120783,-25.38666667,8488.896429,8663.65,408.51,936.89,6851.74,14209.54,983.9,0,-0.68,7748.72,39.81,7903.81,41.15,156.43,0,0,78.96,272.78,196.55,276.25,8.68,0,0,13.59,0.12,0.51,31.4,15.31,557.62,1047.81,99.2,20658.09,0,0,22234,64.04,26.97,2,1,0.23,0.27,0,12659.44,9570.78,10380.23,46663,1523.8
BZ,regen,7,1755.49,1119.56,139.94,3918.46,228.6,1120.58,7844.05,5019.23,91.47,459.81,302.16,328.44,0.0487,0.0183,0.0054,0.0016,0.0004,56094.66,21148.12,6183.48,1819.1,651.11,84384.59,85896.48,1511.89,5570.346502,-5533.636122,-20.90666667,11124.88929,8700.25,460.28,936.89,7914.93,15423.4,1077.76,0,-0.56,7903.81,41.15,8048.57,41.98,145.58,0,0,80.17,285.57,196.43,281.05,9.65,0,0,17.81,0.14,0.81,33.84,15.61,557.32,1055.34,110.15,20639.76,0,0,22234,64.04,26.97,2,1,0.23,0.27,0,14918.35,11265.9,11196.52,53501.71,1057.63
BZ,regen,8,1704.9,1124.96,140.62,3937.36,213.48,1122.2,7855.37,5045.59,126.85,600.43,394.57,428.88,0.0502,0.0182,0.0053,0.0016,0.0004,57881.89,20931.78,6126.08,1803.01,645.42,85896.46,87388.17,1491.71,9396.544026,-5459.775737,-16.42666667,14872.74643,8711.85,505.96,1250.89,8961.41,16771.43,1167.55,0,-0.44,8048.57,41.98,8191.02,42.84,143.32,0,0,101.89,295.16,194.17,290.68,10.29,0,0,23.81,0.16,1.32,36.76,15.99,557.02,1064.17,117.61,20623.78,0,0,22234,64.04,26.97,2,1,0.23,0.27,0,17215.77,13137.99,12049.63,60252.25,734.07
BZ,regen,9,1713.05,1130.34,141.29,3956.18,206.74,1121.81,7852.67,5050.62,148.81,501.48,329.54,358.2,0.0515,0.018,0.0053,0.0016,0.0004,59411.01,20724.16,6070.35,1787.31,639.86,87388.18,88632.69,1244.51,12227.82877,-4555.004326,-13.81333333,16796.64643,8713.26,545.98,936.89,9956.34,17656.41,1251.84,0,-0.37,8191.02,42.84,8315,43.03,124.16,0,0,81.67,302.57,194.57,287.72,10.24,0,0,26.89,0.17,1.84,36.93,16.05,556.72,1065.96,126.05,20613.52,0,0,22234,64.04,26.97,2,1,0.23,0.27,0,19560.7,14866.89,12757.63,66668.62,509.49
BZ,regen,10,1721.16,1135.69,141.96,3974.91,199.72,1123.68,7865.78,5067.61,177.44,521.57,342.75,372.55,0.0528,0.0178,0.0052,0.0015,0.0004,60862.33,20523.68,6016.34,1772.04,634.46,88632.69,89808.85,1176.16,15003.41894,-4304.837958,-11.94666667,19320.20357,8721.9,581.26,936.89,10918.84,18649.71,1333.24,0,-0.32,8315,43.03,8430.27,43.36,115.61,0,0,82.32,308.76,194.93,291.53,10.05,0,0,30.93,0.18,2.61,37.95,16.21,556.42,1065.77,131.68,20608.07,0,0,22234,64.04,26.97,2,1,0.23,0.27,0,21972.91,16611.94,13453.92,72914.47,353.62
BZ,regen,11,1674.4,1141.01,142.63,3993.55,190.58,1121.03,7847.2,5068.81,206.7,532.37,349.84,380.26,0.054,0.0176,0.0052,0.0015,0.0004,62217.06,20329.8,5964.16,1757.39,629.42,89808.83,90897.84,1089.01,17115.11979,-3985.862115,-11.94666667,21112.92857,8718.62,612.03,936.89,11855.86,19622.17,1412.6,0,-0.32,8430.27,43.36,8537.53,43.82,107.72,0,0,82.83,313.5,193.29,292.57,10.68,0,0,33.8,0.19,2.99,39,16.4,556.13,1061.65,135.79,20608.06,0,0,22234,64.04,26.97,2,1,0.22,0.27,0,24394.92,18366.31,14127.28,78997.61,245.44
BZ,regen,12,1682.18,1146.31,143.29,4012.1,184.59,1124.98,7874.84,5095.87,239.57,646.16,424.62,461.54,0.0552,0.0175,0.0051,0.0015,0.0004,63615.29,20141.31,5913.4,1743.2,624.56,90897.84,92037.75,1139.91,19552.32179,-4172.160112,-11.94666667,23736.42857,8737.98,639.39,1250.89,12793.49,20791.29,1490.7,0,-0.32,8537.53,43.82,8646.24,44.48,109.37,0,0,103.99,318.06,193.69,301.58,11.68,0,0,38,0.21,3.24,40.75,16.68,555.83,1057.54,136.57,20611.35,0,0,22234,64.04,26.97,2,1,0.22,0.27,0,26907.96,20304.63,14925.51,85109.92,170.35
BZ,regen,13,1689.92,1151.59,143.95,4030.57,177.12,1119.88,7839.18,5084.3,262.93,557.6,366.42,398.29,0.0562,0.0173,0.0051,0.0015,0.0004,64790.39,19957.42,5863.67,1729.25,619.77,92037.76,92960.49,922.73,20696.64431,-3377.264258,-12.32,24086.22857,8734,662.94,936.89,13694.16,21539.14,1566.62,0,-0.33,8646.24,44.48,8739.61,44.52,93.41,0,0,83.32,321.23,194.1,298.18,12.34,0,0,38.56,0.22,3.38,40.57,16.72,555.54,1045.58,140.35,20619.52,0,0,22234,64.04,26.97,2,1,0.22,0.27,0,29458.38,22092.42,15595.18,90951.23,118.24
BZ,regen,14,1642.5,1156.84,144.61,4048.95,176.73,1125.18,7876.27,5110.82,270.8,568.69,373.71,406.21,0.0572,0.0172,0.005,0.0015,0.0004,65942.43,19777.86,5814.94,1715.58,615.1,92960.5,93865.91,905.41,21965.59759,-3313.871698,-12.32,25291.78929,8760.83,684.1,936.89,14573.09,22411.04,1638.6,0,-0.33,8739.61,44.52,8827.83,44.76,88.47,0,0,83.56,324.78,192.88,298.92,13.1,0,0,40.49,0.23,3.57,41.09,16.82,555.25,1044.27,141.94,20619.21,0,0,22234,64.04,26.97,2,1,0.22,0.27,0,31993.63,23895.84,16291.37,96716.84,82.06
BZ,regen,15,1649.92,1162.07,145.26,4067.25,170.1,1122.27,7855.87,5108.77,297.72,579.72,380.96,414.09,0.0581,0.017,0.005,0.0015,0.0004,67031.89,19601.95,5767.18,1702.19,610.51,93865.9,94713.73,847.83,23313.19491,-3103.124376,-12.32,26428.63929,8769.08,702.41,936.89,15440.47,23290.39,1710.84,0,-0.33,8827.83,44.76,8911.07,44.93,83.4,0,0,83.75,327.34,193.29,301.02,13.77,0,0,42.31,0.24,3.73,41.51,16.9,554.97,1034.81,142.77,20627.84,0,0,22234,64.04,26.97,2,1,0.22,0.27,0,34582.6,25710.39,16974.28,102387.89,56.96
BZ,regen,16,1657.31,1167.27,145.91,4085.46,163.38,1120.54,7843.79,5113.1,332.66,694.69,456.51,496.2,0.0591,0.0169,0.005,0.0015,0.0004,68174.98,19429.72,5720.3,1689.04,606.03,94713.71,95620.09,906.38,25378.4704,-3317.421974,-12.69333333,28708.58571,8772.5,718.35,1250.89,16316.5,24372.03,1780.26,0,-0.34,8911.07,44.93,8997.91,45.29,87.21,0,0,104.71,329.39,193.6,309.07,14.51,0,0,45.96,0.26,3.92,42.6,17.05,554.68,1045.13,141.03,20619.23,0,0,22234,64.04,26.97,2,1,0.22,0.27,0,37252.38,27704.16,17766.23,108127.06,39.53
BZ,regen,17,1664.66,1172.45,146.56,4103.59,164.01,1124.82,7873.75,5132.52,332.52,590.46,388.01,421.75,0.06,0.0167,0.0049,0.0015,0.0003,69152.79,19260.49,5674.07,1676.04,601.59,95620.08,96364.98,744.91,25800.80971,-2726.429094,-12.69333333,28539.93214,8798.95,732.69,936.89,17163.93,25039.28,1848.81,0,-0.34,8997.91,45.29,9072.51,45.13,74.44,0,0,83.85,331.83,194.38,304.86,14.97,0,0,45.69,0.26,4.02,42.11,17.02,554.4,1038.75,143.3,20623.49,0,0,22234,64.04,26.97,2,1,0.22,0.27,0,39927.82,29544.34,18470.81,113682.51,27.44
BZ,regen,18,1609.77,1177.61,147.2,4121.63,154.42,1115.74,7810.16,5108.95,356.91,595.21,391.14,425.15,0.0608,0.0166,0.0049,0.0014,0.0003,70079.95,19094.23,5628.6,1663.27,597.24,96364.98,97063.28,698.3,26820.92026,-2555.832834,-12.69333333,29389.44643,8780.92,744.57,936.89,17999.71,25847.01,1917.1,0,-0.34,9072.51,45.13,9142.73,45.2,70.29,0,0,83.95,332.7,192.37,303.98,15.51,0,0,47.05,0.26,4.15,42.28,17.06,554.11,1033.25,143.68,20628.73,0,0,22234,64.04,26.97,2,1,0.22,0.27,0,42582.01,31384.86,19136.96,119152.74,19.04
BZ,regen,19,1616.79,1182.74,147.84,4139.6,155.34,1121.79,7852.53,5136.28,362.49,599.53,393.97,428.23,0.0616,0.0164,0.0048,0.0014,0.0003,70996.25,18930.62,5583.82,1650.69,592.95,97063.27,97754.33,691.06,27653.20851,-2529.333866,-12.69333333,30195.23571,8802.12,755.53,936.89,18825.16,26647.21,1981.86,0,-0.34,9142.73,45.2,9210.17,45.2,67.44,0,0,84.02,334.52,193.13,305.75,15.99,0,0,48.34,0.27,4.28,42.42,17.09,553.83,1036.39,143.83,20625.4,0,0,22234,64.04,26.97,2,1,0.22,0.27,0,45263.63,33238.46,19839.65,124605.28,13.22
BZ,regen,20,1623.77,1187.85,148.48,4157.48,148.3,1117.51,7822.59,5130.66,392.93,712.8,468.41,509.14,0.0624,0.0163,0.0048,0.0014,0.0003,71975.33,18769.64,5539.71,1638.3,588.74,97754.35,98511.73,757.38,29440.18806,-2772.070274,-13.06666667,32225.325,8800.21,764.8,1250.89,19668.75,27676.1,2051.46,0,-0.35,9210.17,45.2,9282.7,45.44,72.78,0,0,104.91,335.47,193.32,313.13,16.55,0,0,51.59,0.28,4.41,43.24,17.17,553.55,1028.16,141.66,20635.79,0,0,22234,64.04,26.97,2,1,0.22,0.27,0,48013.2,35265.76,20635.22,130150.93,9.17
SD,organic,1,0,1081.64,1081.64,865.31,0,0,0,0,0,0,0,0,0.0138,0.0074,0.0022,0.0006,0.0002,15842.18,8558.94,2502.64,735.44,265.3,27021.44,27904.49,883.05,-3213.293056,-3232.032342,0,18.73928571,930.34,24.84,312.3,87.58,471.94,0.06,0,0,2677.82,1.21,2699.44,7.7,28.11,0,0,14.67,29.14,22.94,31.26,0.04,0,0,0.03,0.01,0.06,4.78,3.08,1288.66,52.47,518.44,0,0,0,539.8,20.87,14.35,2,1,0.19,0.47,0,0,279.8,279.8,694.5,0
SD,organic,2,0,1098.25,1098.25,878.6,0,0,0,0,0,0,0,0,0.0141,0.0074,0.0022,0.0006,0.0002,16260.93,8521.39,2490.39,732.57,268.73,27904.49,28274.02,369.52,-1208.80436,-1352.472217,0,143.6678571,819.66,72.52,691.56,229.54,1443.6,0.11,0,0,2699.44,7.7,2728.96,8.86,30.68,0,0,32.47,31.65,21.23,36.03,0.17,0,0,0.23,0.01,0.35,10.74,3.45,1288.58,60.22,442.23,0,0,0,539.8,0.09,14.35,2,1,0.18,0.49,0,0,222.68,222.68,1118.16,0
SD,organic,3,0,1052.55,1052.55,842.04,0,0,0,0,0,0,0,0,0.0144,0.0074,0.0022,0.0006,0.0002,16538.89,8482.46,2477.01,728.03,268.47,28274.02,28494.85,220.84,-589.6667415,-808.2917415,0,218.625,721.32,100.05,657.69,307.85,1565.97,0.11,0,0,2728.96,8.86,2752.85,9.35,24.37,0,0,30.87,32.12,19.68,35.88,0.19,0,0,0.35,0.02,0.51,11.48,3.47,1288.62,59.73,427.38,0,0,0,539.8,0.09,14.35,2,1,0.17,0.49,0,0,205.54,205.54,1333.58,0
SD,organic,4,0,1062.63,1062.63,850.1,0,0,0,0,0,0,0,0,0.0146,0.0073,0.0021,0.0006,0.0002,16814.94,8444.36,2463.98,723.49,267.72,28494.85,28714.5,219.65,-504.1076767,-803.9362481,0,299.8285714,721.82,114.83,647.4,350.69,1615.03,0.12,0,0,2752.85,9.35,2774.45,9.81,22.07,0,0,30.37,33.86,19.65,36.65,0.21,0,0,0.48,0.02,0.71,12.46,3.47,1288.61,60.76,426.14,0,0,0,539.8,0.09,14.35,2,1,0.16,0.5,0,0,209.33,209.33,1464.83,0
SD,organic,5,0,1074.68,1074.68,859.74,0,0,0,0,0,0,0,0,0.0148,0.0073,0.0021,0.0006,0.0002,17080.94,8406.97,2451.32,719.05,266.65,28714.5,28924.92,210.42,-395.368009,-770.1537233,0,374.7857143,739.53,123.97,649.68,377.31,1679.94,0.12,0,0,2774.45,9.81,2794.76,10.25,20.75,0,0,30.47,35.43,19.69,37.43,0.23,0,0,0.6,0.02,0.88,13.48,3.46,1288.6,61.8,424.43,0,0,0,539.8,0.09,14.35,2,1,0.16,0.5,0,0,213.87,213.87,1548.65,0
SD,organic,6,0,1088.42,1088.42,870.73,0,0,0,0,0,0,0,0,0.0151,0.0073,0.0021,0.0006,0.0002,17336.65,8370.28,2439.01,714.73,265.49,28924.92,29126.16,201.24,-280.5649167,-736.5542024,0,455.9892857,759.86,129.95,652.4,394.88,1735.72,0.12,0,0,2794.76,10.25,2813.96,10.68,19.63,0,0,30.59,36.69,19.8,38.18,0.25,0,0,0.73,0.02,1.06,14.42,3.46,1288.59,62.8,423.4,0,0,0,539.8,0.09,14.35,2,1,0.16,0.5,0,0,219.03,219.03,1606.12,0
SD,organic,7,0,1102.02,1102.02,881.61,0,0,0,0,0,0,0,0,0.0153,0.0072,0.0021,0.0006,0.0002,17582.08,8334.23,2427.02,710.53,264.3,29126.16,29318.16,192,-171.7886483,-702.7350769,0,530.9464286,780.47,134.14,655.5,407.29,1785.33,0.13,0,0,2813.96,10.68,2832.17,11.08,18.62,0,0,30.72,37.75,19.9,38.93,0.27,0,0,0.85,0.03,1.23,15.27,3.45,1288.58,63.77,422.26,0,0,0,539.8,0.09,14.35,2,1,0.16,0.5,0,0,224.15,224.15,1648.26,0
SD,organic,8,0,1116.6,1116.6,893.28,0,0,0,0,0,0,0,0,0.0155,0.0072,0.0021,0.0006,0.0002,17819.09,8298.77,2415.3,706.42,263.1,29318.16,29502.68,184.52,-69.45411809,-675.3576895,0,605.9035714,802.28,137.33,658.58,416.8,1830.32,0.13,0,0,2832.17,11.08,2849.52,11.47,17.74,0,0,30.85,38.72,20.04,39.69,0.29,0,0,0.97,0.03,1.39,16.01,3.44,1288.57,64.75,421.34,0,0,0,539.8,0.09,14.35,2,1,0.16,0.5,0,0,229.64,229.64,1682.16,0
SD,organic,9,0,1131.99,1131.99,905.59,0,0,0,0,0,0,0,0,0.0157,0.0072,0.0021,0.0006,0.0002,18049.21,8263.9,2403.84,702.42,261.93,29502.68,29681.3,178.62,20.85105951,-653.7632262,0,674.6142857,825.34,139.98,661.87,424.82,1873.28,0.13,0,0,2849.52,11.47,2866.19,11.84,17.04,0,0,31,39.66,20.21,40.42,0.31,0,0,1.08,0.03,1.56,16.68,3.43,1288.56,65.7,420.76,0,0,0,539.8,0.09,14.35,2,1,0.17,0.5,0,0,235.42,235.42,1711.82,0
SD,organic,10,0,1144.53,1144.53,915.63,0,0,0,0,0,0,0,0,0.0159,0.0072,0.0021,0.0006,0.0002,18269.97,8229.5,2392.59,698.5,260.74,29681.3,29851.3,170,127.3580793,-622.2133493,0,749.5714286,845.06,142.27,665.35,431.71,1914.23,0.13,0,0,2866.19,11.84,2882.14,12.2,16.31,0,0,31.15,40.47,20.32,41.08,0.33,0,0,1.2,0.03,1.72,17.3,3.42,1288.55,66.51,419.83,0,0,0,539.8,0.09,14.35,2,1,0.17,0.5,0,0,240.14,240.14,1737.16,0
SD,organic,11,0,1156.38,1156.38,925.1,0,0,0,0,0,0,0,0,0.0161,0.0071,0.0021,0.0006,0.0002,18482.64,8195.6,2381.55,694.66,259.55,29851.3,30013.99,162.69,222.8239676,-595.4581753,0,818.2821429,863.18,144.26,668.19,437.71,1950.5,0.14,0,0,2882.14,12.2,2897.41,12.55,15.62,0,0,31.27,41.19,20.42,41.71,0.35,0,0,1.31,0.03,1.87,17.84,3.41,1288.54,67.26,418.93,0,0,0,539.8,0.09,14.35,2,1,0.17,0.5,0,0,244.59,244.59,1759.55,0
SD,organic,12,0,1167.82,1167.82,934.26,0,0,0,0,0,0,0,0,0.0162,0.0071,0.0021,0.0006,0.0001,18688.17,8162.14,2370.68,690.88,258.38,30013.99,30170.26,156.27,315.0323859,-571.9604712,0,886.9928571,880.68,146.04,670.82,443.12,1984.23,0.14,0,0,2897.41,12.55,2912.09,12.88,15.01,0,0,31.38,41.87,20.53,42.28,0.37,0,0,1.42,0.03,2.02,18.33,3.4,1288.53,67.93,418.3,0,0,0,539.8,0.09,14.35,2,1,0.17,0.5,0,0,248.88,248.88,1779.97,0
SD,organic,13,0,1178.28,1178.28,942.63,0,0,0,0,0,0,0,0,0.0164,0.0071,0.0021,0.0006,0.0001,18886.91,8129.1,2359.99,687.16,257.21,30170.26,30320.38,150.12,406.2525832,-549.4509882,0,955.7035714,896.88,147.66,673.36,448.02,2015.65,0.14,0,0,2912.09,12.88,2926.19,13.19,14.41,0,0,31.49,42.5,20.62,42.83,0.39,0,0,1.53,0.03,2.17,18.78,3.39,1288.52,68.55,417.55,0,0,0,539.8,0.09,14.35,2,1,0.17,0.51,0,0,252.82,252.82,1798.62,0
SD,organic,14,0,1190.28,1190.28,952.22,0,0,0,0,0,0,0,0,0.0166,0.007,0.002,0.0006,0.0001,19081.62,8096.49,2349.43,683.51,256.06,30320.38,30467.1,146.73,481.124535,-537.043322,0,1018.167857,914.72,149.2,675.67,452.71,2045.42,0.14,0,0,2926.19,13.19,2939.81,13.49,13.93,0,0,31.59,43.16,20.75,43.4,0.41,0,0,1.63,0.04,2.31,19.18,3.38,1288.51,69.21,416.99,0,0,0,539.8,0.09,14.35,2,1,0.17,0.51,0,0,257.33,257.33,1817.23,0
SD,organic,15,0,1200.1,1200.1,960.08,0,0,0,0,0,0,0,0,0.0168,0.007,0.002,0.0006,0.0001,19269.84,8064.24,2339.01,679.9,254.96,30467.1,30607.95,140.85,565.1100827,-515.5220603,0,1080.632143,930.27,150.68,678.33,457.24,2075.5,0.14,0,0,2939.81,13.49,2953.01,13.78,13.48,0,0,31.7,43.76,20.85,43.88,0.43,0,0,1.73,0.04,2.44,19.55,3.37,1288.5,69.72,416.45,0,0,0,539.8,0.09,14.35,2,1,0.17,0.51,0,0,261.02,261.02,1834.41,0
SD,organic,16,0,1209.59,1209.59,967.67,0,0,0,0,0,0,0,0,0.0169,0.007,0.002,0.0006,0.0001,19453.11,8032.37,2328.73,676.34,253.84,30607.95,30744.38,136.43,637.5054868,-499.3445132,0,1136.85,944.81,152.06,680.5,461.42,2102.22,0.14,0,0,2953.01,13.78,2965.77,14.05,13.03,0,0,31.79,44.31,20.94,44.36,0.45,0,0,1.82,0.04,2.56,19.88,3.36,1288.49,70.23,415.66,0,0,0,539.8,0.09,14.35,2,1,0.17,0.51,0,0,264.59,264.59,1850.55,0
SD,organic,17,0,1221.31,1221.31,977.05,0,0,0,0,0,0,0,0,0.0171,0.007,0.002,0.0006,0.0001,19721.69,8001.33,2318.62,672.84,252.75,30744.38,30967.22,222.84,364.9631014,-815.6118986,0,1180.575,1142.02,153.43,548.76,465.61,2086.81,0.14,0,0,2965.77,14.05,2979.65,13.38,13.21,0,0,25.63,49.96,21.08,44.88,0.41,0,0,1.89,0.04,2.68,18.55,3.33,1288.42,70.8,415.45,0,0,0,539.8,0.09,14.35,2,1,0.17,0.51,0,0,323.3,323.3,1867.52,0
SD,organic,18,0,1239.47,1239.47,991.58,0,0,0,0,0,0,0,0,0.0173,0.0069,0.002,0.0006,0.0001,19869.91,7969.58,2308.44,669.34,251.01,30967.23,31068.29,101.06,779.4553212,-369.8875358,0,1149.342857,1028.8,155,716.6,470.4,2269.57,0.15,0,0,2979.65,13.38,2994.15,14.55,15.67,0,0,33.46,46.96,21.41,45.48,0.48,0,0,1.84,0.04,2.56,20.59,3.36,1288.47,71.48,412.35,0,0,0,539.8,0.09,14.35,2,1,0.17,0.51,0,0,275.83,275.83,1889.2,0
SD,organic,19,0,1256.07,1256.07,1004.86,0,0,0,0,0,0,0,0,0.0174,0.0069,0.002,0.0006,0.0001,20044.47,7938.38,2298.48,665.91,250.38,31068.28,31197.62,129.34,825.8625865,-473.3945565,0,1299.257143,1013.65,156.85,689.22,476.32,2206.53,0.15,0,0,2994.15,14.55,3006.5,14.84,12.64,0,0,32.17,46.74,21.61,46.25,0.5,0,0,2.08,0.04,2.9,20.75,3.34,1288.45,72.43,415.42,0,0,0,539.8,0.09,14.35,2,1,0.17,0.51,0,0,282.06,282.06,1912.57,0
SD,organic,20,0,1257.97,1257.97,1006.37,0,0,0,0,0,0,0,0,0.0176,0.0069,0.002,0.0006,0.0001,20211.35,7907.58,2288.6,662.5,249.36,31197.63,31319.39,121.77,921.9067616,-445.687762,-0.373333333,1367.967857,1020.6,158.47,692.86,480.92,2230.91,0.15,0,-0.01,3006.5,14.84,3018.43,15.09,12.18,0,0,32.33,47.11,21.55,46.48,0.52,0,0,2.19,0.04,3.05,21.03,3.33,1288.45,72.54,413.62,0,0,0,539.8,0.09,14.35,2,1,0.17,0.51,0,0,282.79,282.79,1927.33,0
SD,regen,1,0,809.09,809.09,384.32,0,111.2,111.2,3113.46,0,551.74,551.74,441.4,0.0138,0.0076,0.0022,0.0006,0.0002,15924.44,8695.75,2525.98,745.56,279.34,27021.44,28171.06,1149.63,-2508.707504,-4207.736075,0,1699.028571,480.59,395.7,782.45,492.73,1001.78,0.04,0,0,2677.82,1.21,2705,4.46,30.44,0,0,43.33,19.18,59.44,66.59,0.13,0,0,2.72,0.01,4.01,8.97,2.38,1288.74,254.16,316.27,0,0,0,539.8,0.06,14.35,2,1.01,0.11,0.64,0,106.02,382.02,382.02,3664.31,1138.12
SD,regen,2,0,672.42,84.05,2353.47,0,116.99,818.91,655.13,0,356.42,234.22,254.59,0.0143,0.0075,0.0022,0.0006,0.0002,16412.51,8641.36,2512.51,740.93,281.19,28171.06,28588.49,417.43,-1327.940865,-1527.826579,0,199.8857143,876.43,42.64,936.89,1296.12,2734.55,0.1,0,0,2705,4.46,2751.26,5.05,46.85,0,0,67.58,19.91,57.42,69.7,0.19,0,0,0.32,0.02,0.45,22.26,2.56,1288.82,145.47,265.49,0,0,0,539.8,0.06,14.35,2,1,0.13,0.6,0,252.89,1229.96,760.52,6746.62,789.94
SD,regen,3,0,693.26,86.66,2426.39,0,126.43,884.99,707.99,0,395.03,259.59,282.16,0.0147,0.0075,0.0022,0.0006,0.0002,16958.92,8589.75,2501.3,739.11,282.69,28588.49,29071.77,483.28,-1531.478464,-1768.84275,0,237.3642857,927.82,70.28,936.89,2098.24,3549.82,0.12,0,0,2751.26,5.05,2798.81,6.07,48.56,0,0,73.67,27.61,59.38,74.17,0.25,0,0,0.38,0.02,0.53,26.06,2.61,1288.45,153.13,276.51,0,0,0,539.8,0.06,14.35,2,1,0.14,0.6,0,392.97,2239.17,1158.71,9824.99,548.27
SD,regen,4,0,706.2,88.28,2471.72,0,121.14,847.95,678.36,0,533.52,350.6,381.09,0.0153,0.0074,0.0022,0.0006,0.0002,17585.28,8541.82,2490.29,737.55,283.82,29071.77,29638.75,566.98,-607.2806083,-2075.191322,0,1467.910714,935.76,87.4,1250.89,2899.53,4606.47,0.14,0,0,2798.81,6.07,2852.94,7.37,55.44,0,0,95.24,31.92,60.15,80.87,0.56,0,0,2.35,0.03,3.39,30,2.68,1288.07,159.1,269.29,0,0,0,539.8,0.06,14.35,2,1,0.14,0.6,0,528.9,3404.27,1614.59,12938.03,380.54
SD,regen,5,0,701.05,87.63,2453.69,0,119.79,838.5,670.8,0,485.39,318.97,346.71,0.0156,0.0074,0.0022,0.0006,0.0002,18000.92,8499.08,2479.61,735.64,284.4,29638.75,29999.66,360.91,-796.2589406,-1320.958941,0,524.7,919.52,95.95,936.89,3695.36,5286.66,0.14,0,0,2852.94,7.37,2894.3,7.73,41.72,0,0,73.78,33.91,59.67,77.97,0.34,0,0,0.84,0.03,1.17,29.39,2.66,1287.69,150.3,279.6,0,0,0,539.8,0.06,14.35,2,1,0.14,0.6,0,660.29,4483.94,2019.29,15912.15,264.12
SD,regen,6,0,707.44,88.43,2476.06,0,116.31,814.17,651.34,0,516.12,339.16,368.66,0.016,0.0074,0.0021,0.0006,0.0002,18400.07,8459.67,2469.28,734.14,284.83,29999.66,30348,348.33,-681.5044384,-1274.915153,0,593.4107143,894.87,100.04,936.89,4469.19,6052.49,0.15,0,0,2894.3,7.73,2932.1,8.45,38.51,0,0,73.93,34.68,60.01,79.28,0.37,0,0,0.95,0.04,1.32,30.74,2.67,1287.31,149.09,281.41,0,0,0,539.8,0.06,14.35,2,1,0.14,0.6,0,790.94,5597.86,2436.75,18890.37,183.32
SD,regen,7,0,706.32,88.29,2472.12,0,111.3,779.08,623.26,0,516.76,339.59,369.12,0.0163,0.0073,0.0021,0.0006,0.0002,18761.57,8422.89,2459.9,732.76,285.34,30347.99,30662.47,314.48,-438.9286375,-1151.021495,0,712.0928571,858.94,100.84,936.89,5246.86,6828.92,0.15,0,0,2932.1,8.45,2966.34,9.2,34.99,0,0,73.86,34.45,59.7,78.44,0.4,0,0,1.14,0.04,1.58,31.87,2.68,1286.93,152.88,275.81,0,0,0,539.8,0.06,14.35,2,1,0.13,0.6,0,916.94,6735.08,2865.39,21862.9,127.24
SD,regen,8,0,710.71,88.84,2487.49,0,110.46,773.2,618.56,0,522,343.03,372.85,0.0167,0.0073,0.0021,0.0006,0.0002,19242.45,8387.75,2455.25,731.51,286.49,30662.48,31103.44,440.96,328.3177261,-1613.948227,-0.373333333,1942.639286,840.22,100.1,1250.89,6051.83,7801.96,0.15,0,-0.01,2966.34,9.2,3006.86,10.65,41.97,0,0,94.43,34.3,59.98,78.75,0.69,0,0,3.11,0.05,4.43,35.17,2.71,1286.54,177.37,250.96,0,0,0,539.8,0.06,14.35,2,1,0.13,0.6,0,1025.95,7993.12,3378.44,24973.87,88.31
SD,regen,9,0,711.95,88.99,2491.81,0,106.02,742.14,593.71,0,510.65,335.57,364.75,0.017,0.0073,0.0021,0.0006,0.0002,19511.88,8354.78,2446.88,729.94,287.12,31103.44,31330.6,227.16,235.9691815,-831.4234378,-0.746666667,1068.139286,815.85,98.76,936.89,6868.41,8492.62,0.16,0,-0.02,3006.86,10.65,3035,10.7,28.19,0,0,72.99,33.78,59.88,77.55,0.47,0,0,1.71,0.05,2.37,33.52,2.68,1286.16,161.46,265.53,0,0,0,539.8,0.06,14.35,2,1,0.13,0.6,0,1141.88,9182.83,3838.23,28004.27,61.29
SD,regen,10,0,714.56,89.32,2500.97,0,105.65,739.58,591.67,0,511.5,336.13,365.36,0.0172,0.0072,0.0021,0.0006,0.0002,19793.63,8323.15,2440.29,728.41,287.75,31330.6,31573.23,242.63,210.2065764,-888.0448526,-1.12,1099.371429,802.98,96.99,936.89,7677.37,9271.48,0.16,0,-0.03,3035,10.7,3060.68,11.37,26.35,0,0,72.76,33.42,60.04,77.64,0.49,0,0,1.76,0.05,2.43,34.04,2.68,1285.77,163.8,264.59,0,0,0,539.8,0.06,14.35,2,1,0.13,0.6,0,1253.3,10391.76,4317.28,31069.79,42.54
SD,regen,11,0,715.88,89.48,2505.58,0,105.53,738.69,590.95,0,511.63,336.21,365.45,0.0174,0.0072,0.0021,0.0006,0.0002,20067.31,8292.49,2433.75,726.91,288.37,31573.23,31808.82,235.59,360.9021002,-862.2778998,-1.12,1224.3,801.55,95.87,936.89,8494.94,10093.55,0.16,0,-0.03,3060.68,11.37,3084.62,11.89,24.47,0,0,72.53,33.4,60.11,77.66,0.51,0,0,1.96,0.05,2.7,34.54,2.68,1285.38,166.05,261.22,0,0,0,539.8,0.06,14.35,2,1,0.13,0.6,0,1363.23,11614.72,4805.71,34160.04,29.53
SD,regen,12,0,722.54,90.32,2528.88,0,108.11,756.76,605.41,0,523.08,343.74,373.63,0.0178,0.0072,0.0021,0.0006,0.0002,20475.85,8261.34,2428.3,725.5,289.07,31808.82,32180.05,371.23,1069.263096,-1358.730951,-1.866666667,2429.860714,814.79,95.61,1250.89,9331.08,11121.05,0.17,0,-0.05,3084.62,11.89,3116.41,16.16,36.06,0,0,93.19,33.84,60.71,78.91,0.79,0,0,3.89,0.06,5.48,37.36,2.71,1284.99,176.18,249.61,0,0,0,539.8,0.06,14.35,2,1,0.13,0.6,0,1472.94,12893.91,5333.1,37337.55,20.49
SD,regen,13,0,724.85,90.61,2536.98,0,107.25,750.75,600.6,0,518.42,340.67,370.3,0.018,0.0072,0.0021,0.0006,0.0002,20690.1,8232.51,2422.33,724.09,289.73,32180.06,32358.76,178.7,836.9737299,-654.0560325,-1.866666667,1492.896429,819.08,95.87,936.89,10181.05,11854.08,0.18,0,-0.05,3116.41,16.16,3137.58,15.31,20.32,0,0,71.96,34.05,60.83,78.65,0.56,0,0,2.39,0.06,3.29,35.12,2.68,1284.6,175.22,252.14,0,0,0,539.8,0.06,14.35,2,1,0.13,0.6,0,1582.89,14171.37,5850.45,40515.02,14.22
SD,regen,14,0,726.75,90.84,2543.63,0,106.09,742.6,594.08,0,519.53,341.41,371.09,0.0182,0.0071,0.0021,0.0006,0.0002,20912.46,8204.17,2416.35,722.64,290.32,32358.76,32545.95,187.18,824.3022156,-685.0934984,-2.24,1511.635714,813.64,95.65,936.89,11031.03,12689.94,0.18,0,-0.06,3137.58,15.31,3157.21,15.49,19.81,0,0,71.73,33.91,60.91,78.58,0.57,0,0,2.42,0.06,3.31,35.33,2.67,1284.2,174.22,252.45,0,0,0,539.8,0.06,14.35,2,1,0.13,0.6,0,1693.34,15451.5,6367.16,43694.42,9.87
SD,regen,15,0,730,91.25,2555.01,0,105.87,741.09,592.87,0,521.22,342.51,372.3,0.0184,0.0071,0.0021,0.0006,0.0002,21130.38,8176.39,2410.38,721.18,290.83,32545.94,32729.17,183.23,919.9630978,-670.6361882,-2.24,1592.839286,811.39,95.24,936.89,11883.85,13544.04,0.19,0,-0.06,3157.21,15.49,3175.62,16.04,18.96,0,0,71.53,33.83,61.13,78.77,0.59,0,0,2.55,0.06,3.48,35.53,2.67,1283.8,174.12,252.48,0,0,0,539.8,0.06,14.35,2,1,0.13,0.6,0,1804.37,16738.75,6888.72,46889.52,6.85
SD,regen,16,0,735.68,91.96,2574.88,0,109.69,767.85,614.28,0,534.39,351.17,381.71,0.0187,0.0071,0.0021,0.0006,0.0002,21493.79,8147.45,2404.27,719.68,291.25,32729.17,33056.44,327.27,1579.213482,-1197.833899,-2.613333333,2779.660714,830.99,95.58,1250.89,12745.91,14595.96,0.2,0,-0.07,3175.62,16.04,3202.57,21.89,32.81,0,0,92.27,34.43,61.7,80.24,0.87,0,0,4.45,0.07,6.18,38.13,2.7,1283.4,176.77,248.94,0,0,0,539.8,0.06,14.35,2,1,0.13,0.6,0,1916.28,18049.49,7431.92,50136.08,4.76
SD,regen,17,0,739.73,92.47,2589.06,0,108.03,756.19,604.95,0,529.2,347.76,378,0.0188,0.0071,0.0021,0.0006,0.0002,21662.78,8120.67,2398.44,718.21,291.68,33056.45,33191.79,135.34,1325.615449,-495.3550276,-2.986666667,1823.957143,834.79,96.32,936.89,13613.54,15346.12,0.2,0,-0.08,3202.57,21.89,3219.42,22.68,17.63,0,0,71.17,34.62,61.92,79.92,0.63,0,0,2.92,0.07,3.96,35.78,2.66,1282.99,175.05,251.53,0,0,0,539.8,0.06,14.35,2,1,0.13,0.6,0,2028.44,19356.59,7958.41,53378.3,3.3
SD,regen,18,0,742.78,92.85,2599.74,0,107.36,751.5,601.2,0,530.13,348.37,378.67,0.019,0.007,0.0021,0.0006,0.0002,21846.59,8094.2,2392.6,716.72,292.06,33191.79,33342.18,150.39,1264.284838,-550.4392094,-2.986666667,1817.710714,829.55,96.28,936.89,14482,16194.26,0.21,0,-0.08,3219.42,22.68,3235.18,24.23,17.33,0,0,71.05,34.47,62.11,79.98,0.63,0,0,2.91,0.07,3.92,35.87,2.66,1282.58,174.66,251.79,0,0,0,539.8,0.06,14.35,2,1,0.13,0.6,0,2141.06,20669.43,8488.49,56629.84,2.29
SD,regen,19,0,746.98,93.37,2614.42,0,108.12,756.86,605.49,0,532.79,350.12,380.56,0.0192,0.007,0.0021,0.0006,0.0002,22034.02,8068.1,2386.77,715.22,292.39,33342.18,33496.49,154.32,1318.611444,-564.823318,-2.986666667,1886.421429,832.89,96.24,936.89,15354.02,17065.67,0.21,0,-0.08,3235.18,24.23,3250.34,26.02,16.95,0,0,70.93,34.55,62.44,80.41,0.65,0,0,3.02,0.07,4.05,35.93,2.66,1282.17,174.37,251.85,0,0,0,539.8,0.06,14.35,2,1,0.13,0.6,0,2254.14,21988.45,9023.75,59900.93,1.59
SD,regen,20,0,750.7,93.84,2627.46,0,112.87,790.1,632.08,0,549.23,360.92,392.31,0.0195,0.007,0.0021,0.0006,0.0002,22373.55,8040.62,2380.77,713.68,292.64,33496.49,33801.27,304.78,1935.624838,-1115.518733,-3.36,3054.503571,859.42,97.16,1250.89,16235.79,18138.38,0.22,0,-0.09,3250.34,26.02,3274.6,32.67,30.9,0,0,91.74,35.4,62.89,82.08,0.92,0,0,4.89,0.08,6.71,38.38,2.68,1281.76,177.84,248.01,0,0,0,539.8,0.06,14.35,2,1,0.13,0.6,0,2368.24,23333.58,9583.5,63222.01,1.1