Site,Practice,Year ,GrainC1    ,LeafC1     ,StemC1     ,RootC1     ,GrainC2    ,LeafC2     ,StemC2     ,RootC2     ,GrainC3    ,LeafC3     ,StemC3     ,RootC3     ,%SOC_10cm ,%SOC_20cm,%SOC_30cm,%SOC_40cm,%SOC_50cm,kgSOC_10cm ,kgSOC_20cm,kgSOC_30cm,kgSOC_40cm,kgSOC_50cm,IniSOC     ,End_SOC    ,dSOC       ,GWP,CO2_GWP,CH4_GWP,N2O_GWP,ShootLitterC_input,RootLitterC_input,ManureC_input,RootExudation_DOC,Soil-CO2   ,Leach_C    ,Runoff_C   ,CH4        ,IniSON     ,IniSIN     ,EndSON     ,EndSIN     ,dSN        ,Atmo_N_input,Fertilizer_N_input,Manure_N_input,Litter_N_input,N_fixation ,Crop_N_uptake,Leach_NO3  ,Runoff_SON ,Leach_DON  ,N2O_flux   ,NO_flux    ,N2_flux    ,NH3_flux   ,exchengeable-NH4,PET        ,Transpiration,Evaporation,WaterLeach ,Runoff     ,Irrigation ,Precipitation,DeepWater  ,MeanT      ,WindSpeed  ,ColdStress ,WaterStress,N_Stress   ,Cut_CropC  ,yr_end_grain,yr_end_leaf,yr_end_stem,yr_end_root,yr_end_stub
sd,regen,1,2781,1064.95,1064.95,505.85,1924.55,103,103,2883.91,93.97,1483.69,1483.69,1203.66,0.0146,0.0076,0.0022,0.0006,0.0002,16746.44,8718.83,2525.56,744.09,279.7,27021.44,29014.63,1993.19,-7282.738434,-7295.231916,0,12.49348178,1260.08,529.45,1003.16,727.87,1526.22,1.18,0,0,2677.82,1.21,2734.07,6,61.04,0,0,58.41,43.79,160.93,177.59,0.22,0,0,0.03,0.01,0.05,9.81,3.12,848.22,692.06,223.71,12.28,0.32,0,981.4,0.08,14.16,2,1,0.32,0.6,0,2121.16,933.65,933.65,4191.55,4323.47
sd,regen,2,2662.6,644.06,80.51,2254.22,228.08,715.73,5010.12,2822.9,85.2,220.3,144.77,157.36,0.017,0.0075,0.0022,0.0006,0.0002,19575.29,8650.49,2510.1,740.94,278.11,29014.63,31754.93,2740.31,-10021.42079,-10029.74978,0,8.328987855,4543.34,83.17,936.89,1780.1,4596.39,6.74,0.03,0,2734.07,6,2880.64,4.98,145.55,0,0,84.39,100.5,179,202.05,0.15,0,0,0.02,0.02,0.04,22.02,3.06,847.48,627.31,89.83,74.48,0.32,0,981.4,64.04,14.16,2,1,0.43,0.56,0,5075.46,1751.43,3178.77,9044.71,3000.79
sd,regen,3,2442.9,775.13,96.89,2712.96,223.42,806,5641.97,3328.53,89.6,220.03,144.59,157.17,0.0192,0.0075,0.0022,0.0006,0.0002,22074.16,8577.43,2493.8,737.85,278.55,31754.94,34161.79,2406.86,-8793.38529,-8809.296599,-0.746666667,16.65797572,5576.77,150.28,936.89,3193.18,7440.55,9.67,0.05,-0.02,2880.64,4.98,3051.97,6.34,172.69,0,0,86.39,148.84,185.94,214.32,0.19,0,0,0.04,0.02,0.04,23.04,3.18,845.71,709.09,101.39,89.52,0.32,0,981.4,64.04,14.16,2,1,0.45,0.56,0,7815.31,2862.24,4651.88,14467.03,2082.76
sd,regen,4,2514.84,757.1,94.64,2649.84,225.23,816.36,5714.55,3370.32,105.99,348.84,229.24,249.17,0.0212,0.0074,0.0022,0.0006,0.0002,24420.58,8508.21,2478.28,734.68,278.67,34161.79,36420.42,2258.63,-8235.687209,-8266.76316,-2.24,33.31595143,6076.06,210.16,1250.89,4646.79,9914.5,10.78,0.06,-0.06,3051.97,6.34,3239.03,9.07,189.79,0,0,109.28,177.79,186.27,226.73,0.61,0,0,0.08,0.04,0.04,26.9,3.29,844.01,722.61,101.96,70.24,0.32,0,981.4,64.04,14.16,2,1,0.45,0.56,0,10686.27,4136.31,5675.51,19675.52,1445.58
sd,regen,5,2456.45,763.41,95.43,2671.93,222.73,818.48,5729.35,3387.01,117.2,327.49,215.21,233.92,0.023,0.0073,0.0021,0.0006,0.0002,26405.17,8442.75,2463.15,731.31,278.35,36420.42,38320.73,1900.31,-6912.834389,-6955.283822,-3.36,45.80943322,6290.97,261.38,936.89,6009.53,11586.58,11.94,0.07,-0.09,3239.03,9.07,3413.98,11.01,176.89,0,0,90.22,195.28,184.5,225.67,0.45,0,0,0.11,0.04,0.04,28.63,3.31,842.31,723.17,108.71,60.89,0.32,0,981.4,64.04,14.16,2,1,0.45,0.56,0,13528.04,5327.2,6372.36,24541.95,1003.33
sd,regen,6,2477.51,767.53,95.94,2686.36,226.16,830.89,5816.2,3439.19,126.92,380.15,249.81,271.54,0.0246,0.0073,0.0021,0.0006,0.0002,28312.11,8380.51,2448.59,728.02,278.01,38320.73,40147.23,1826.5,-6618.817029,-6685.133426,-4.48,70.79639678,6429,305.96,936.89,7313.29,13146.15,12.6,0.07,-0.12,3413.98,11.01,3583.59,13.42,172.03,0,0,91.77,208.14,185.53,232.2,0.56,0,0,0.17,0.05,0.05,30.89,3.35,840.63,732.14,110.92,52.18,0.32,0,981.4,60.7,14.16,2,1,0.45,0.56,0,16440.62,6600.83,7032.15,29280.93,696.38
sd,regen,7,2512.19,759.89,94.99,2659.6,226.72,826.81,5787.7,3415.37,140.48,447.86,294.31,319.9,0.0262,0.0072,0.0021,0.0006,0.0002,30106.48,8321.5,2434.6,724.81,277.67,40147.24,41865.07,1717.83,-6176.01353,-6287.392693,-5.226666667,116.60583,6483.02,343.43,936.89,8574.39,14606.96,13.02,0.08,-0.14,3583.59,13.42,3745.9,15.63,164.52,0,0,92.75,216.62,185.45,237.36,0.65,0,0,0.28,0.06,0.06,32.93,3.37,838.96,738.41,110.05,44.98,0.32,0,981.4,52.7,14.16,2,1,0.45,0.56,0,19433,7948.29,7647.53,33817.64,483.34
sd,regen,8,2530.2,753.72,94.21,2638.01,228.71,835.33,5847.31,3453.94,156.31,601.57,395.32,429.69,0.0278,0.0072,0.0021,0.0006,0.0002,31983.31,8264.76,2421.03,721.7,277.37,41865.07,43668.17,1803.1,-6401.027387,-6599.487589,-5.6,204.0602025,6544.08,375.7,1250.89,9819.31,16173.49,13.5,0.08,-0.15,3745.9,15.63,3910.36,18.01,166.84,0,0,114.02,223.87,185.12,248.99,1.08,0.01,0,0.49,0.08,0.07,35.55,3.4,837.29,748.16,106.76,35.34,0.32,0,981.4,47.72,14.16,2,1,0.45,0.56,0,22511.5,9524.11,8411.17,38368.52,335.47
sd,regen,9,2524.72,741.33,92.67,2594.66,232.7,837.39,5861.76,3441.5,160.74,557.66,366.46,398.33,0.0293,0.0071,0.0021,0.0006,0.0002,33645.93,8210.43,2407.79,718.58,276.93,43668.18,45259.66,1591.48,-5580.672135,-5824.941771,-5.6,249.8696357,6593.94,402.78,936.89,11010.91,17338.26,14.92,0.08,-0.15,3910.36,18.01,4059.59,19.17,150.39,0,0,93.07,229.64,184.05,245.84,0.67,0.01,0,0.6,0.08,0.09,35.79,3.38,835.63,747.57,106.82,35.49,0.33,0,981.4,44.79,14.16,2,1,0.45,0.56,0,25612.56,10996.34,9087,42614.53,232.84
sd,regen,10,2523.09,744.69,93.09,2606.43,231.6,836.73,5857.11,3438.06,173.11,594.45,390.64,424.61,0.0306,0.0071,0.0021,0.0006,0.0002,35232.3,8158.19,2394.91,715.52,276.51,45259.66,46777.43,1517.77,-5227.971202,-5555.157383,-5.973333333,333.1595143,6622.7,425.54,936.89,12156.64,18609.04,15.1,0.08,-0.16,4059.59,19.17,4202.72,20.58,144.53,0,0,93.11,233.91,183.88,248.81,0.71,0.01,0,0.8,0.08,0.11,37,3.42,833.97,750.18,104.25,33.37,0.33,0,981.4,41.08,14.16,2,1,0.45,0.56,0,28757.76,12520.49,9771.47,46774.41,161.61
sd,regen,11,2559.4,736.35,92.04,2577.23,233.61,833.09,5831.6,3411.78,182.9,638.72,419.73,456.23,0.0319,0.007,0.0021,0.0006,0.0002,36703,8107.61,2382.35,712.51,276.04,46777.43,48181.5,1404.07,-4728.530396,-5139.006455,-5.973333333,416.4493928,6630.98,444.36,936.89,13273.63,19866.36,15.57,0.08,-0.16,4202.72,20.58,4339.49,21.79,137.99,0,0,93.04,236.87,184.07,251.93,0.8,0.01,0,1,0.09,0.14,38.47,3.45,832.33,749.62,103.23,32.31,0.33,0,981.4,38.85,14.16,2,1,0.44,0.56,0,31974.71,14093.36,10470.39,50819.24,112.17
sd,regen,12,2578.85,730.77,91.35,2557.71,232.18,831.35,5819.47,3400.77,319.29,654.13,429.86,467.23,0.0332,0.007,0.0021,0.0006,0.0002,38226.84,8058.49,2370.1,709.6,275.65,48181.5,49640.68,1459.19,-4831.072736,-5340.749983,-6.72,516.3972472,6634.47,459.88,1250.89,14372.84,21243.95,15.07,0.09,-0.18,4339.49,21.79,4479.03,23.36,141.11,0,0,113.8,239.12,183.63,260.74,1.26,0.01,0,1.24,0.1,0.19,41.89,3.51,830.67,752.92,99.52,29.73,0.34,0,981.4,35.99,14.16,2,1,0.44,0.56,0,35385.61,15737.48,11213.74,54814.38,77.85
sd,regen,13,2533.73,735.48,91.94,2574.19,233.8,833.99,5837.95,3409.29,263.76,652.06,428.5,465.76,0.0344,0.007,0.0021,0.0006,0.0002,39524.92,8010.88,2358.08,706.68,275.15,49640.68,50875.71,1235.04,-4027.697444,-4520.343382,-7.093333333,499.7392714,6654.4,473.05,936.89,15450.58,22264.01,16.02,0.09,-0.19,4479.03,23.36,4603.18,24.11,124.9,0,0,92.58,241.42,182.62,256.58,1.01,0.01,0,1.2,0.1,0.18,41.51,3.52,829.03,755.03,99.95,29.74,0.34,0,981.4,35.06,14.16,2,1,0.44,0.56,0,38710.63,17349.08,11944.11,58709.26,54.03
sd,regen,14,2543.97,734.58,91.82,2571.02,234.57,834.32,5840.24,3404.29,294.27,650.69,427.6,464.78,0.0355,0.0069,0.002,0.0006,0.0002,40787.79,7964.59,2346.31,703.82,274.67,50875.72,52077.18,1201.46,-3884.342871,-4397.437945,-7.466666667,520.5617411,6674.25,484.11,936.89,16507.82,23385.48,16.27,0.09,-0.2,4603.18,24.11,4722.05,25.19,119.96,0,0,92.36,243.38,182.7,258.47,1.05,0.01,0,1.25,0.1,0.19,42.97,3.55,827.4,755.24,98.97,28.65,0.34,0,981.4,33.5,14.16,2,1,0.44,0.56,0,42096.34,18977.77,12681.88,62549.89,37.5
sd,regen,15,2558.72,736.71,92.09,2578.47,235.33,837.52,5862.64,3414.53,333.01,652.4,428.72,466,0.0365,0.0069,0.002,0.0006,0.0002,42014.54,7919.47,2334.77,700.99,274.17,52077.19,53243.94,1166.75,-3724.358927,-4270.396619,-7.84,553.8776925,6703.05,493.45,936.89,17553.27,24502.89,17.2,0.1,-0.21,4722.05,25.19,4836.41,26.15,115.31,0,0,92.13,245.33,183.26,261.74,1.12,0.01,0,1.33,0.11,0.21,44.26,3.57,825.77,755.41,97.79,28.71,0.35,0,981.4,32.12,14.16,2,1,0.44,0.56,0,45555.77,20615.77,13431.28,66347.73,26.03
sd,regen,16,2567.76,739.23,92.4,2587.3,237.47,844.29,5910.02,3435.47,464.64,655.67,430.87,468.33,0.0377,0.0068,0.002,0.0006,0.0002,43351.92,7875.34,2323.46,698.23,273.71,53243.94,54522.66,1278.72,-4067.91935,-4680.215612,-8.213333333,620.5095953,6751.24,501.88,1250.89,18599.43,25807.72,17.18,0.1,-0.22,4836.41,26.15,4956.56,27.45,121.45,0,0,112.8,247.66,183.45,270.79,1.55,0.01,0,1.49,0.12,0.24,47.41,3.61,824.14,756.87,94.17,27.57,0.35,0,981.4,30.35,14.16,2,1,0.44,0.56,0,49191.54,22314.76,14232.99,70188.77,18.07
sd,regen,17,2576.6,743.76,92.97,2603.17,240.46,847.41,5931.84,3441.13,391.35,651.69,428.26,465.5,0.0387,0.0068,0.002,0.0006,0.0002,44483.21,7832.17,2312.28,695.46,273.18,54522.66,55596.3,1073.64,-3342.670743,-3929.606708,-8.586666667,595.5226318,6796.13,509.14,936.89,19644.62,26794.85,18.48,0.1,-0.23,4956.56,27.45,5063.77,27.83,107.59,0,0,91.57,249.74,184.39,267.11,1.26,0.01,0,1.43,0.12,0.23,46.67,3.61,822.5,757.57,94.8,28.2,0.36,0,981.4,29.93,14.16,2,1,0.44,0.56,0,52767.08,23985.18,15007.18,73968.53,12.54
sd,regen,18,2521.68,745.02,93.13,2607.58,240.01,847.04,5929.28,3438.56,421.95,653.6,429.51,466.86,0.0396,0.0068,0.002,0.0006,0.0002,45585.55,7789.52,2301.22,692.71,272.65,55596.31,56641.65,1045.34,-3222.805879,-3826.026486,-8.96,612.1806075,6821.96,515.23,936.89,20677.49,27887.75,18.67,0.11,-0.24,5063.77,27.83,5167.21,28.56,104.17,0,0,91.35,251.13,182.54,266.97,1.29,0.01,0,1.47,0.12,0.24,47.43,3.63,820.88,758.26,95,27.55,0.37,0,981.4,29.81,14.16,2,1,0.44,0.56,0,56349.83,25659.9,15768.61,77718.11,8.7
sd,regen,19,2540.84,748.11,93.51,2618.4,241.7,853.73,5976.08,3465.46,438.64,656.46,431.39,468.9,0.0406,0.0067,0.002,0.0006,0.0002,46680.9,7747.74,2290.34,690,272.13,56641.66,57681.11,1039.45,-3184.963373,-3804.468623,-9.333333333,628.8385832,6864.61,521.03,936.89,21707.69,28971.51,19.44,0.11,-0.25,5167.21,28.56,5268,29.22,101.44,0,0,91.1,252.93,183.54,269.66,1.34,0.01,0,1.51,0.12,0.25,48.31,3.64,819.28,759.52,93.75,27.48,0.37,0,981.4,28.94,14.16,2,1,0.44,0.56,0,59984.48,27350.8,16555.12,81485.65,6.04
sd,regen,20,2512.88,749.11,93.64,2621.87,239.44,851.29,5959.06,3459.77,565.26,659.6,433.45,471.14,0.0416,0.0067,0.002,0.0006,0.0002,47865.82,7706.86,2279.71,687.35,271.67,57681.11,58811.41,1130.3,-3426.235974,-4136.986757,-9.706666667,720.4574497,6881.82,525.84,1250.89,22746.98,30256.36,19.04,0.12,-0.26,5268,29.22,5375.57,30.32,108.67,0,0,111.78,253.9,181.98,276.17,1.75,0.02,0,1.73,0.14,0.3,51.25,3.68,817.68,761.61,90.2,25.93,0.38,0,981.4,26.75,14.16,2,1,0.43,0.56,0,63727.54,29089.47,17349.01,85269.76,4.19
sd,organic,1,150.81,2262.24,2262.24,1838.8,0,0,0,0,0,0,0,0,0.0144,0.0074,0.0022,0.0006,0.0002,16565.07,8542.45,2502.77,738.11,268.49,27021.44,28616.88,1595.44,-5822.777706,-5839.435682,0,16.65797572,1750.23,37.43,476.93,167.78,834.31,2.66,0,0,2677.82,1.21,2724.24,7.78,52.99,0,0,22.4,53.72,50.74,64.76,0.14,0,0,0.04,0.01,0.04,5.2,3.67,848.42,108.71,493.51,389.76,0.32,0,981.4,64.04,14.16,2,1,0.52,0.37,0,71.76,912.49,912.49,1613.76,0
sd,organic,2,152.41,2374.67,2374.67,1929.06,0,0,0,0,0,0,0,0,0.0155,0.0074,0.0022,0.0006,0.0002,17884.81,8484.06,2487.7,735.84,271.6,28616.88,29864.01,1247.14,-4543.807862,-4564.630332,0,20.82246964,2399.83,78.98,936.89,592.89,2752.56,8.86,0.03,0,2724.24,7.78,2800.97,8.68,77.64,0,0,43.99,76.89,50.97,73.11,0.29,0,0,0.05,0.02,0.04,12.93,3.77,847.75,122.21,372.39,475.39,0.32,0,981.4,64.04,14.16,2,1,0.52,0.41,0,81.2,1148.72,1148.72,3064.47,0
sd,organic,3,154.63,2432.38,2432.38,1975.66,0,0,0,0,0,0,0,0,0.0165,0.0073,0.0021,0.0006,0.0002,18990.36,8426.08,2471.53,731.84,271.43,29864.02,30891.23,1027.21,-3734.682298,-3759.669262,0,24.98696357,2722.56,115.63,936.89,967.29,3703.02,12.12,0.04,0,2800.97,8.68,2882.1,9.72,82.17,0,0,43.97,90.27,51.21,76.87,0.38,0,0,0.06,0.02,0.04,14.53,3.79,847.47,127.97,348.18,496.1,0.32,0,981.4,64.04,14.16,2,1,0.52,0.42,0,87.9,1283.76,1283.76,4338.28,0
sd,organic,4,156.85,2496.23,2496.23,2027.17,0,0,0,0,0,0,0,0,0.0174,0.0073,0.0021,0.0006,0.0002,20015.87,8369.63,2455.66,727.67,270.72,30891.23,31839.54,948.31,-3437.573115,-3470.889066,0,33.31595143,2937.85,148.03,936.89,1297.56,4357.56,14.42,0.04,0,2882.1,9.72,2963.75,11.15,83.08,0,0,43.96,100.11,51.44,81.08,0.5,0,0,0.08,0.03,0.04,16.13,3.8,847.29,134.43,336.92,501.43,0.32,0,981.4,64.04,14.16,2,1,0.52,0.42,0,92.51,1377.18,1377.18,5466.06,0
sd,organic,5,159.02,2565.52,2565.52,2083.02,0,0,0,0,0,0,0,0,0.0183,0.0072,0.0021,0.0006,0.0002,21003,8314.77,2440.19,723.5,269.8,31839.54,32751.26,911.72,-3295.695187,-3336.966793,-0.373333333,41.64493928,3111.16,176.93,936.89,1591.31,4888.34,16.19,0.04,-0.01,2963.75,11.15,3044.61,12.72,82.43,0,0,43.94,108.35,51.67,85.7,0.65,0,0,0.1,0.04,0.04,17.6,3.81,847.14,141.51,329.16,502.2,0.32,0,981.4,64.04,14.16,2,1,0.52,0.43,0,96.02,1454.85,1454.85,6473.56,0
sd,organic,6,161.12,2633.73,2633.73,2137.99,0,0,0,0,0,0,0,0,0.0191,0.0072,0.0021,0.0006,0.0002,21965.04,8261.28,2425.14,719.39,268.79,32751.26,33639.63,888.37,-3194.321045,-3251.50396,-1.12,58.302915,3265.4,202.84,936.89,1854.22,5353.31,17.68,0.05,-0.03,3044.61,12.72,3124.3,14.32,81.29,0,0,43.92,115.7,51.91,90.23,0.86,0,0,0.14,0.04,0.04,18.97,3.8,847.01,148.39,322.39,502.17,0.32,0,981.4,64.04,14.16,2,1,0.52,0.44,0,99.03,1524.92,1524.92,7378.04,0
sd,organic,7,163.14,2701.69,2701.69,2192.75,0,0,0,0,0,0,0,0,0.0199,0.0071,0.0021,0.0006,0.0002,22909.01,8209.18,2410.5,715.35,267.72,33639.63,34511.76,872.13,-3118.596727,-3192.064284,-1.493333333,74.96089072,3410.68,226.22,936.89,2090.85,5773.55,18.98,0.05,-0.04,3124.3,14.32,3202.77,15.89,80.04,0,0,43.91,122.48,52.13,94.73,1.11,0,0,0.18,0.05,0.04,20.13,3.8,846.88,155.17,315.32,502.48,0.32,0,981.4,64.04,14.16,2,1,0.52,0.44,0,101.77,1591.46,1591.46,8194.8,0
sd,organic,8,165.1,2766.42,2766.42,2244.91,0,0,0,0,0,0,0,0,0.0207,0.0071,0.0021,0.0006,0.0002,23836.86,8158.42,2396.24,711.39,266.63,34511.76,35369.54,857.78,-3045.625463,-3139.542157,-1.866666667,95.78336033,3548.78,247.38,936.89,2304.71,6159.9,20.09,0.05,-0.05,3202.77,15.89,3280.09,17.42,78.85,0,0,43.89,128.8,52.36,98.98,1.37,0,0,0.23,0.06,0.05,21.22,3.8,846.77,161.5,308.78,502.71,0.32,0,981.4,64.04,14.16,2,1,0.52,0.45,0,104.33,1654.75,1654.75,8934.72,0
sd,organic,9,167.01,2824.07,2824.07,2291.4,0,0,0,0,0,0,0,0,0.0215,0.007,0.0021,0.0006,0.0002,24747.26,8108.84,2382.32,707.5,265.53,35369.54,36211.46,841.92,-2962.962988,-3081.493312,-2.24,120.7703239,3676.37,266.54,936.89,2498.15,6514.97,21.09,0.05,-0.06,3280.09,17.42,3356.31,18.89,77.7,0,0,43.88,134.58,52.59,102.72,1.58,0,0,0.29,0.06,0.05,22.47,3.79,846.66,166.94,303.26,502.81,0.32,0,981.4,64.04,14.16,2,1,0.52,0.45,0,106.74,1712.92,1712.92,9604.37,0
sd,organic,10,168.86,2881.49,2881.49,2337.7,0,0,0,0,0,0,0,0,0.0223,0.007,0.0021,0.0006,0.0002,25644.61,8060.33,2368.7,703.68,264.43,36211.45,37041.75,830.3,-2887.490258,-3038.9632,-2.613333333,154.0862753,3797.97,283.96,936.89,2673.62,6840.18,21.94,0.05,-0.07,3356.31,18.89,3431.43,20.3,76.52,0,0,43.86,139.99,52.82,106.44,1.77,0,0,0.37,0.07,0.05,23.56,3.78,846.56,172.32,298.04,502.67,0.32,0,981.4,64.04,14.16,2,1,0.52,0.46,0,109.02,1768.69,1768.69,10214.12,0
sd,organic,11,170.65,2935.28,2935.28,2381.07,0,0,0,0,0,0,0,0,0.0231,0.007,0.002,0.0006,0.0002,26529.42,8012.79,2355.34,699.94,263.32,37041.75,37860.82,819.07,-2813.444958,-2997.860518,-2.986666667,187.4022268,3913.35,299.85,936.89,2833.41,7141.73,22.73,0.06,-0.08,3431.43,20.3,3505.61,21.64,75.52,0,0,43.85,145.04,53.04,109.87,1.93,0.01,0,0.45,0.07,0.06,24.59,3.77,846.47,177.2,293.49,502.34,0.32,0,981.4,64.04,14.16,2,1,0.52,0.46,0,111.19,1821.53,1821.53,10770.4,0
sd,organic,12,172.4,2986.69,2986.69,2422.53,0,0,0,0,0,0,0,0,0.0238,0.0069,0.002,0.0006,0.0002,27403.82,7966.16,2342.23,696.26,262.22,37860.82,38670.69,809.87,-2733.962802,-2964.187795,-2.986666667,233.21166,4023.1,314.38,936.89,2979.3,7420.44,23.41,0.06,-0.08,3505.61,21.64,3578.93,22.91,74.6,0,0,43.83,149.76,53.27,113.13,2.05,0.01,0,0.56,0.08,0.07,25.53,3.76,846.38,181.76,289.52,501.28,0.32,0,981.4,64.04,14.16,2,1,0.52,0.47,0,113.27,1871.81,1871.81,11279.55,0
sd,organic,13,174.12,3037.04,3037.04,2463.15,0,0,0,0,0,0,0,0,0.0246,0.0069,0.002,0.0006,0.0002,28270.94,7920.24,2329.35,692.64,261.13,38670.69,39474.29,803.6,-2657.249022,-2941.239103,-3.36,287.3500811,4128.96,327.74,936.89,3113.08,7679.09,24.02,0.06,-0.09,3578.93,22.91,3651.5,24.1,73.76,0,0,43.82,154.24,53.49,116.31,2.15,0.01,0,0.69,0.09,0.08,26.33,3.75,846.29,186.17,285.74,501.13,0.32,0,981.4,64.04,14.16,2,1,0.52,0.47,0,115.27,1920.41,1920.41,11747.91,0
sd,organic,14,175.8,3085.67,3085.67,2502.38,0,0,0,0,0,0,0,0,0.0253,0.0068,0.002,0.0006,0.0002,29132.42,7875.02,2316.66,689.08,260.04,39474.29,40273.21,798.91,-2577.615845,-2924.073335,-3.36,349.81749,4231.25,340.07,936.89,3236.27,7921.03,24.61,0.06,-0.09,3651.5,24.1,3723.47,25.21,73.08,0,0,43.8,158.49,53.71,119.36,2.21,0.01,0,0.84,0.09,0.09,26.99,3.73,846.21,190.35,280.89,501.81,0.32,0,981.4,64.04,14.16,2,1,0.52,0.47,0,117.2,1967.37,1967.37,12180.38,0
sd,organic,15,177.47,3131.49,3131.49,2539.36,0,0,0,0,0,0,0,0,0.0261,0.0068,0.002,0.0006,0.0002,29989.66,7830.46,2304.15,685.56,258.95,40273.21,41068.79,795.58,-2494.631386,-2911.885273,-3.36,420.6138868,4328.99,351.46,936.89,3350.01,8146.69,25.12,0.06,-0.09,3723.47,25.21,3794.97,26.26,72.55,0,0,43.79,162.5,53.93,122.21,2.23,0.01,0,1.01,0.1,0.11,27.56,3.72,846.13,194.17,276.38,502.5,0.32,0,981.4,64.04,14.16,2,1,0.52,0.48,0,119.08,2012.15,2012.15,12580.39,0
sd,organic,16,179.13,3175.8,3175.8,2575.12,0,0,0,0,0,0,0,0,0.0268,0.0068,0.002,0.0006,0.0001,30845.27,7786.46,2291.83,682.09,257.88,41068.79,41863.54,794.74,-2408.267042,-2908.810807,-3.36,503.9037653,4422.82,362.03,936.89,3455.32,8356.72,25.63,0.06,-0.09,3794.97,26.26,3866.08,27.24,72.09,0,0,43.77,166.3,54.15,124.94,2.23,0.01,0,1.21,0.1,0.12,28.06,3.71,846.05,197.79,271.84,503.42,0.32,0,981.4,64.04,14.16,2,1,0.52,0.48,0,120.91,2055.17,2055.17,12951.74,0
sd,organic,17,180.77,3216.29,3216.29,2607.83,0,0,0,0,0,0,0,0,0.0276,0.0067,0.002,0.0006,0.0001,31746.6,7743.05,2279.68,678.65,256.81,41863.53,42704.79,841.26,-2536.888955,-3079.07766,-3.36,545.5487047,4649.44,371.84,803.05,3552.95,8509.99,26.06,0.06,-0.09,3866.08,27.24,3937.16,27,70.84,0,0,37.51,173.72,54.37,127.4,2.07,0.01,0,1.31,0.1,0.13,27.33,3.69,845.93,200.95,269.33,502.74,0.32,0,981.4,64.04,14.16,2,1,0.52,0.48,0,126.96,2168.37,2168.37,13296.05,0
sd,organic,18,182.43,3241.29,3241.29,2628.15,0,0,0,0,0,0,0,0,0.0284,0.0067,0.002,0.0006,0.0001,32612.76,7700.03,2267.66,675.26,255.74,42704.79,43511.45,806.66,-2259.955124,-2952.438943,-2.986666667,695.4704858,4664.27,380.73,936.89,3642.23,8790.95,26.61,0.06,-0.08,3937.16,27,4009.95,28.94,74.72,0,0,43.74,175.11,54.59,128.73,2.04,0.01,0,1.67,0.11,0.18,28.73,3.67,845.85,202.32,261.79,508.88,0.32,0,981.4,64.04,14.16,2,1,0.52,0.48,0,126.23,2159.09,2159.09,13606.5,0
sd,organic,19,184.09,3289.89,3289.89,2667.36,0,0,0,0,0,0,0,0,0.0291,0.0067,0.002,0.0006,0.0001,33450.79,7657.46,2255.76,671.9,254.68,43511.46,44290.59,779.13,-2038.422838,-2851.676981,-2.986666667,816.24081,4701.04,389.17,936.89,3725.07,8946.08,27,0.06,-0.08,4009.95,28.94,4081.3,29.75,72.17,0,0,43.73,177.06,54.8,131.78,2.03,0.01,0,1.96,0.12,0.21,29.24,3.67,845.83,206.38,257.11,509.63,0.32,0,981.4,64.04,14.16,2,1,0.52,0.48,0,126.87,2180.17,2180.17,13904.76,0
sd,organic,20,185.58,3325.61,3325.61,2696.23,0,0,0,0,0,0,0,0,0.0298,0.0066,0.002,0.0006,0.0001,34268.1,7615.31,2243.99,668.58,253.63,44290.59,45049.61,759.02,-1856.168483,-2778.072802,-2.613333333,924.5176522,4759.68,397.09,936.89,3803.66,9110.89,27.36,0.06,-0.07,4081.3,29.75,4151.65,30.51,71.1,0,0,43.72,179.56,55.02,133.89,2.04,0.01,0,2.22,0.12,0.26,29.83,3.67,845.78,208.95,254.62,509.61,0.32,0,981.4,64.04,14.16,2,1,0.52,0.49,0,128.04,2208.13,2208.13,14183.58,0
bz,regen,1,3046.61,1051.65,1051.65,499.53,2019.51,106.12,106.12,2971.24,105.13,1605.61,1605.61,1303.88,0.0354,0.0196,0.0057,0.0017,0.0004,40813.8,22546.81,6564.71,1923.97,687.6,70840.41,72536.89,1696.48,-6232.654362,-6209.250017,-31.73333333,8.328987855,1382.1,525.32,1003.16,761.62,1975.03,1.53,0,-0.85,7020.28,1.21,7053.03,13.41,44.94,0,0,58.11,47.39,166.62,192.21,0.24,0,0,0.02,0.02,0.03,7.03,5.62,680.32,724.45,174.2,14.07,0,0,981.4,10.44,14.16,2,1,0.32,0.6,0,2424.05,1072.63,1072.63,4456.25,4595.36
bz,regen,2,2642.49,650.19,81.27,2275.67,232.99,748.98,5242.85,2973.4,113.88,369.07,242.53,263.62,0.0378,0.0194,0.0057,0.0017,0.0004,43558.85,22386.83,6522,1912.98,685.76,72536.9,75066.41,2529.52,-9270.703855,-9258.241831,-29.12,16.65797572,4844.79,88.4,936.89,1910.89,5245.53,6.7,0,-0.78,7053.03,13.41,7177.07,13.92,124.55,0,0,80.4,107.26,178.72,218.8,0.36,0,0,0.04,0.03,0.02,17.67,5.9,679.82,677.46,70.1,65.74,0,0,981.4,64.04,14.16,2,1,0.44,0.56,0,5586.51,2094.6,3552.1,9631.24,3189.5
bz,regen,3,2492.17,751.85,93.98,2631.46,227.41,824.34,5770.4,3402.45,128.44,381.99,251.02,272.85,0.0398,0.0193,0.0056,0.0016,0.0004,45914.85,22219.13,6478.5,1902.18,683.73,75066.41,77198.4,2131.99,-7809.308345,-7803.250815,-26.88,20.82246964,5845.95,156.83,936.89,3394.69,8194.06,9,0,-0.72,7177.07,13.92,7324.79,15.45,149.25,0,0,82.14,155.57,184.66,231.67,0.45,0,0,0.05,0.04,0.02,17.55,6,678.54,747.08,77.75,67.25,0,0,981.4,64.04,14.16,2,1,0.45,0.56,0,8624.41,3405.47,5172.01,15211.79,2213.73
bz,regen,4,2508.92,751.6,93.95,2630.6,229.89,837.32,5861.21,3464.81,147.77,544.6,357.88,389,0.0417,0.0191,0.0056,0.0016,0.0004,48122.1,22060.93,6436.94,1891.52,681.49,77198.41,79192.98,1994.57,-7284.397885,-7300.282824,-25.76,41.64493928,6329.02,217.87,1250.89,4908.05,10701.74,10.1,0,-0.69,7324.79,15.45,7488.23,18.59,166.58,0,0,104.8,184.69,184.74,245.35,0.95,0,0,0.1,0.05,0.02,18.7,6.14,677.27,760.12,78.73,50.05,0,0,981.4,64.04,14.16,2,1,0.45,0.56,0,11746.04,4946.06,6382.33,20681.44,1536.48
bz,regen,5,2491.02,751.23,93.9,2629.32,228.63,836,5851.97,3459.13,157.86,521.46,342.67,372.47,0.0433,0.019,0.0055,0.0016,0.0004,49957.6,21910.87,6396.9,1881.08,678.95,79192.99,80825.4,1632.41,-5941.085871,-5974.748786,-24.64,58.302915,6521.09,269.73,936.89,6347.22,12432.16,11.03,0,-0.66,7488.23,18.59,7639.66,20.54,153.38,0,0,85.15,201.95,183.78,244.19,0.74,0,0,0.14,0.06,0.02,19.19,6.07,676.01,763.75,82.32,41.49,0,0,981.4,62.93,14.16,2,1,0.45,0.56,0,14882.01,6416.25,7258.59,25782.13,1066.43
bz,regen,6,2488.1,752.87,94.11,2635.04,231.76,843.68,5905.78,3487.56,169.21,596.35,391.89,425.96,0.0448,0.0189,0.0055,0.0016,0.0004,51696.25,21767.29,6358.26,1870.92,676.41,80825.38,82369.14,1543.76,-5581.810624,-5650.282824,-23.14666667,91.61886645,6625.29,314.14,936.89,7718.75,14040.24,11.75,0,-0.62,7639.66,20.54,7785.1,23.11,148.01,0,0,86.24,214.07,183.63,250.36,0.86,0,0,0.22,0.07,0.02,19.97,6.03,674.77,773.49,83.92,36.68,0,0,981.4,56.78,14.16,2,1,0.45,0.56,0,18068.46,7985.26,8096.72,30729.7,740.18
bz,regen,7,2514.4,742.02,92.75,2597.06,233.55,838.69,5870.81,3450.88,203.78,663.43,435.97,473.88,0.0462,0.0188,0.0055,0.0016,0.0004,53317.7,21629.54,6320.85,1861.06,673.92,82369.15,83803.08,1433.93,-5132.894767,-5248.2964,-22.02666667,137.4282997,6655.41,351.07,936.89,9037.08,15534.94,12.22,0,-0.59,7785.1,23.11,7922.93,25.48,140.2,0,0,86.87,221.99,183.17,255.32,1.02,0,0,0.33,0.08,0.03,20.55,5.98,673.53,775.84,85.01,33.28,0,0,981.4,50.59,14.16,2,1,0.45,0.56,0,21354.86,9626.33,8897.16,35453.59,513.73
bz,regen,8,2586.41,727.68,90.96,2546.87,232.4,836.03,5852.24,3422.67,408.05,655.29,430.62,468.07,0.0477,0.0186,0.0055,0.0016,0.0004,54987.44,21496.83,6284.77,1851.55,671.56,83803.09,85292.14,1489.05,-5229.032614,-5450.039928,-20.53333333,241.5406478,6658.24,381.37,1250.89,10303.1,17093.37,11.83,0,-0.55,7922.94,25.48,8062.24,28.25,142.08,0,0,108.15,227.49,183.62,267.66,1.61,0,0,0.58,0.1,0.05,22.71,5.95,672.28,772.95,84.27,29.09,0,0,981.4,42.46,14.16,2,1,0.45,0.56,0,24963.1,11314.16,9699.68,39977.98,356.57
bz,regen,9,2593.14,720.7,90.09,2522.45,233.49,828.93,5802.5,3379.05,388.4,645.72,424.33,461.23,0.0489,0.0185,0.0054,0.0016,0.0004,56412.28,21368.92,6249.8,1842.24,669.13,85292.15,86542.37,1250.22,-4299.637638,-4575.903374,-19.41333333,295.6790689,6637.07,405.97,936.89,11506.95,18224.88,12.39,0,-0.52,8062.24,28.25,8184.79,29.47,123.77,0,0,87.41,231.04,183,264.67,1.19,0,0,0.71,0.1,0.06,22.33,5.82,671.03,769.44,85.28,27.77,0,0,981.4,38.56,14.16,2,1,0.44,0.56,0,28578.77,12954.29,10441.24,44248.94,247.48
bz,regen,10,2568.73,718.55,89.82,2514.94,232.16,825.46,5778.25,3358.9,446.97,641.66,421.66,458.33,0.0501,0.0184,0.0054,0.0016,0.0004,57785.16,21245.18,6216.01,1833.18,666.81,86542.35,87746.34,1203.98,-4029.327753,-4406.661343,-18.29333333,395.6269232,6616.37,426.19,936.89,12657.89,19421.53,12.46,0,-0.49,8184.79,29.47,8300.72,31.03,117.49,0,0,87.59,233.68,181.3,266.96,1.19,0,0,0.95,0.1,0.09,22.92,5.81,669.79,766.88,85.46,25.62,0,0,981.4,33.91,14.16,2,1,0.44,0.56,0,32250.85,14593.54,11177.54,48372.24,171.77
bz,regen,11,2580.03,710.03,88.75,2485.12,233.18,824.44,5771.08,3344.8,512.57,633.08,416.02,452.2,0.0512,0.0183,0.0054,0.0016,0.0004,59070.2,21125.06,6183.1,1824.32,664.47,87746.33,88867.16,1120.83,-3637.164518,-4102.325814,-17.92,483.0812957,6608.6,442.75,936.89,13769.32,20624.58,12.68,0,-0.48,8300.72,31.03,8410.46,32.36,111.07,0,0,87.68,235.96,180.73,269.77,1.28,0,0,1.16,0.11,0.12,23.49,5.84,668.56,765.6,85.78,24.3,0,0,981.4,30.36,14.16,2,1,0.44,0.56,0,36027.63,16235.92,11923.65,52356.79,119.22
bz,regen,12,2614.5,716.69,89.59,2508.43,231.7,820.08,5740.53,3321.6,730.4,628.99,413.34,449.28,0.0524,0.0182,0.0053,0.0016,0.0004,60402.16,21007.61,6150.92,1815.68,662.29,88867.16,90038.66,1171.5,-3664.369927,-4287.781992,-17.92,641.332065,6594.43,456.19,1250.89,14862.65,21981.12,12.05,0,-0.48,8410.46,32.36,8523.74,34.17,115.08,0,0,108.62,237.5,181.81,282.05,1.72,0,0,1.54,0.13,0.15,24.75,5.91,667.32,764.54,85.1,21.62,0,0,981.4,26.01,14.16,2,1,0.44,0.56,0,40084.18,17933.12,12690.94,56314.01,82.75
bz,regen,13,2620.28,705.9,88.24,2470.64,234.37,820.05,5740.38,3314.75,667.14,623.72,409.87,445.51,0.0533,0.0181,0.0053,0.0016,0.0004,61506.19,20893.58,6119.45,1807.17,659.98,90038.67,90986.38,947.71,-2874.432412,-3468.693019,-17.92,612.1806075,6593.86,467.23,936.89,15930.86,22968.73,12.84,0,-0.48,8523.74,34.17,8621.38,34.9,98.38,0,0,87.62,239,181.25,277.68,1.45,0,0,1.47,0.12,0.16,24.53,5.89,666.09,763.51,85.99,21.74,0,0,981.4,25.1,14.16,2,1,0.44,0.56,0,44105.73,19586.07,13443.2,60118.16,57.43
bz,regen,14,2629.81,709.1,88.64,2481.84,237.4,825.71,5779.99,3330.51,705.07,622.77,409.25,444.84,0.0543,0.018,0.0053,0.0016,0.0004,62601.96,20782.27,6088.65,1798.84,657.77,90986.38,91929.49,943.11,-2828.817926,-3451.856658,-18.29333333,641.332065,6623.33,476.84,936.89,16975.87,24057.44,12.89,0,-0.49,8621.38,34.9,8714.63,36.05,94.4,0,0,87.56,241.07,181.83,280.84,1.5,0,0,1.54,0.13,0.16,24.97,5.91,664.85,766.47,85.98,20.43,0,0,981.4,22.63,14.16,2,1,0.44,0.56,0,48199.55,21258.24,14227.28,63903.68,39.86
bz,regen,15,2598.99,708.26,88.53,2478.89,239.65,828.49,5799.42,3335.99,743.73,624.32,410.27,445.95,0.0552,0.0179,0.0053,0.0016,0.0004,63668.29,20673.3,6058.44,1790.65,655.58,91929.5,92846.27,916.77,-2699.095507,-3355.45019,-18.29333333,674.6480167,6657.52,485.15,936.89,18013.55,25163.5,13.42,0,-0.49,8714.63,36.05,8804.29,37.1,90.71,0,0,87.47,243.05,180.63,282.33,1.58,0,0,1.62,0.14,0.17,25.35,5.92,663.63,765.83,85.75,20.16,0,0,981.4,21.27,14.16,2,1,0.43,0.56,0,52326.51,22938.32,15015.86,67649.13,27.67
bz,regen,16,2595.37,713.62,89.2,2497.66,244.47,837.21,5860.47,3363.72,882.72,621.11,408.16,443.65,0.0562,0.0178,0.0052,0.0015,0.0004,64851.95,20566.6,6028.81,1782.61,653.48,92846.26,93883.45,1037.19,-3007.325024,-3796.196846,-19.04,807.9118222,6715.65,492.75,1250.89,19049.46,26458.64,13.6,0,-0.51,8804.29,37.1,8900.97,38.66,98.24,0,0,108.25,245.58,180.86,291.07,2.19,0,0,1.94,0.16,0.18,26.6,5.97,662.41,773.13,84.43,19.07,0,0,981.4,17.5,14.16,2,1,0.43,0.56,0,56697.23,24650.25,15840.69,71420.2,19.2
bz,regen,17,2611.39,714.39,89.3,2500.38,243.19,832.42,5826.97,3339.55,827.26,617.41,405.73,441.01,0.0571,0.0177,0.0052,0.0015,0.0004,65813.58,20462,5999.66,1774.67,651.3,93883.45,94701.2,817.76,-2258.705748,-2993.065815,-19.41333333,753.7734008,6733.16,498.82,936.89,20081.96,27419.7,13.85,0,-0.52,8900.97,38.66,8984.42,39.01,83.8,0,0,87.14,246.76,181.28,287.61,1.72,0,0,1.81,0.15,0.18,26.19,5.95,661.19,767.46,84.9,18.52,0,0,981.4,16.94,14.16,2,1,0.43,0.56,0,60965.56,26346.81,16618.3,75121.97,13.33
bz,regen,18,2612.66,716.77,89.6,2508.68,246.13,836.48,5855.33,3348.29,838.33,618.78,406.63,441.99,0.0579,0.0177,0.0052,0.0015,0.0004,66771,20359.41,5971.03,1766.85,649.19,94701.2,95517.48,816.28,-2219.97288,-2987.648899,-19.41333333,787.0893525,6759.82,504.02,936.89,21102.04,28472.81,14.2,0,-0.52,8984.42,39.01,9064.93,39.83,81.33,0,0,87.02,248.06,181.56,288.78,1.77,0,0,1.89,0.16,0.19,26.57,5.96,659.97,770.11,84.78,18,0,0,981.4,15.44,14.16,2,1,0.43,0.56,0,65296.63,28048.04,17410,78808.04,9.25
bz,regen,19,2629.76,708.53,88.57,2479.84,247.38,837.4,5861.8,3346.44,872.57,618.3,406.31,441.64,0.0587,0.0176,0.0052,0.0015,0.0004,67702.66,20258.55,5942.84,1759.12,647.09,95517.48,96310.26,792.78,-2101.018415,-2901.637053,-19.78666667,820.4053042,6782.79,508.41,936.89,22110.52,29531.93,14.62,0,-0.53,9064.93,39.83,9142.85,40.58,78.67,0,0,86.89,249.16,181.43,290.58,1.87,0,0,1.97,0.17,0.2,26.98,5.97,658.75,766.55,84.58,17.71,0,0,981.4,14.15,14.16,2,1,0.43,0.56,0,69699.05,29737.83,18193.27,82433.3,6.42
bz,regen,20,2602.89,714.63,89.33,2501.2,244.09,830.87,5816.07,3322.62,1027.79,621.53,408.43,443.95,0.0596,0.0175,0.0051,0.0015,0.0004,68712.47,20159.29,5915.06,1751.49,645.08,96310.27,97183.38,873.12,-2282.627789,-3195.687762,-19.78666667,932.84664,6771.24,511.43,1250.89,23110.73,30756.83,14.95,0,-0.53,9142.85,40.58,9227.05,41.9,85.52,0,0,107.7,249.12,180.61,297.28,2.69,0,0,2.24,0.2,0.21,28.35,6.01,657.54,772.51,83.45,17.07,0,0,981.4,11.34,14.16,2,1,0.43,0.56,0,74356.89,31430.34,18947.9,86026.25,4.46
bz,organic,1,161.86,2496.5,2496.5,2028.37,0,0,0,0,0,0,0,0,0.0353,0.0194,0.0057,0.0017,0.0004,40701.21,22360.11,6539.08,1917.15,678.68,70840.41,72196.23,1355.83,-4973.412958,-4962.444267,-27.62666667,16.65797572,1980.31,41.28,476.93,188.74,1327.78,4.42,0,-0.74,7020.28,1.21,7042.4,21.56,42.46,0,0,22.4,60.66,50.74,82.93,0.29,0,0,0.04,0.02,0.01,3.98,6.67,680.58,139.21,268.32,594.28,0,0,981.4,64.04,14.16,2,1,0.52,0.42,0,77.8,1034.22,1034.22,1780.15,0
bz,organic,2,163.4,2777.16,2777.16,2253.21,0,0,0,0,0,0,0,0,0.0365,0.0193,0.0056,0.0017,0.0004,42123.63,22199.84,6492.26,1904.87,678.26,72196.24,73398.84,1202.6,-4406.921299,-4401.610435,-26.13333333,20.82246964,2929.1,89.67,936.89,676.18,3417.59,12.29,0,-0.7,7042.4,21.56,7104.46,23.74,64.25,0,0,43.99,93.06,50.97,103.16,1.13,0,0,0.05,0.04,0.01,10.55,6.79,679.98,172.43,179.78,618.36,0,0,981.4,64.04,14.16,2,1,0.52,0.46,0,91.31,1411.77,1411.77,3490.4,0
bz,organic,3,165.91,2853.92,2853.92,2315.1,0,0,0,0,0,0,0,0,0.0376,0.0191,0.0056,0.0016,0.0004,43335.34,22043.04,6446.36,1891.75,675,73398.84,74391.48,992.63,-3624.427796,-3633.103747,-24.64,33.31595143,3428.68,133.02,936.89,1117.69,4608.07,16.42,0,-0.66,7104.46,23.74,7176.11,25.38,73.28,0,0,43.97,112.19,51.21,108.29,1.4,0,0,0.08,0.05,0.01,11.17,6.85,679.69,180.28,167.65,624.3,0,0,981.4,64.04,14.16,2,1,0.52,0.47,0,100.48,1619.7,1619.7,4998.21,0
bz,organic,4,168.55,2931.79,2931.79,2377.91,0,0,0,0,0,0,0,0,0.0386,0.019,0.0056,0.0016,0.0004,44450.57,21891.09,6402.19,1879,671.41,74391.45,75294.25,902.8,-3282.02946,-3304.318893,-23.52,45.80943322,3739.54,171.41,936.89,1507.63,5434,19.33,0,-0.63,7176.11,25.38,7250.56,27.51,76.58,0,0,43.96,125.42,51.44,113.51,1.68,0,0,0.11,0.06,0.01,12,6.89,679.51,188.19,162.83,621.5,0,0,981.4,64.04,14.16,2,1,0.52,0.47,0,106.46,1752.99,1752.99,6334.8,0
bz,organic,5,171.16,3016.99,3016.99,2446.58,0,0,0,0,0,0,0,0,0.0395,0.0189,0.0055,0.0016,0.0004,45518.98,21744.19,6359.65,1866.69,667.76,75294.25,76157.27,863.02,-3114.489066,-3158.720969,-22.4,66.63190286,3973.16,205.7,936.89,1854.58,6086.38,21.53,0,-0.6,7250.56,27.51,7325.43,29.79,77.15,0,0,43.94,135.98,51.67,119.26,2.01,0,0,0.16,0.07,0.01,12.69,6.9,679.38,196.92,159.09,616.51,0,0,981.4,64.04,14.16,2,1,0.52,0.48,0,110.84,1856.78,1856.78,7530.98,0
bz,organic,6,173.7,3107.67,3107.67,2519.61,0,0,0,0,0,0,0,0,0.0404,0.0187,0.0055,0.0016,0.0004,46564.77,21601.97,6318.56,1854.81,664.14,76157.27,77004.23,846.97,-3029.637843,-3099.976709,-21.28,91.61886645,4178.5,236.63,936.89,2166.07,6648.51,23.25,0,-0.57,7325.43,29.79,7399.76,32.04,76.57,0,0,43.92,145.34,51.91,125.41,2.38,0,0,0.22,0.08,0.01,13.22,6.89,679.27,206.24,156.4,610.25,0,0,981.4,64.04,14.16,2,1,0.52,0.49,0,114.45,1950.23,1950.23,8611.69,0
bz,organic,7,176.16,3194,3194,2589.16,0,0,0,0,0,0,0,0,0.0413,0.0186,0.0054,0.0016,0.0004,47592.01,21464.08,6278.73,1843.3,660.57,77004.24,77838.69,834.45,-2945.213213,-3054.152525,-20.16,129.0993118,4367.79,264.64,936.89,2447.48,7158.3,24.62,0,-0.54,7399.76,32.04,7473.43,34.23,75.86,0,0,43.91,153.9,52.13,131.23,2.78,0,0,0.31,0.09,0.01,13.64,6.88,679.17,214.95,154.99,602.98,0,0,981.4,64.04,14.16,2,1,0.52,0.49,0,117.68,2036.79,2036.79,9591.19,0
bz,organic,8,178.75,3277.19,3277.19,2655.53,0,0,0,0,0,0,0,0,0.0422,0.0185,0.0054,0.0016,0.0004,48605.35,21330.11,6240.03,1832.14,657.06,77838.69,78664.69,826,-2867.356117,-3023.224862,-19.04,174.908745,4546.29,290.1,936.89,2702.48,7624.38,25.72,0,-0.51,7473.43,34.23,7546.46,36.35,75.15,0,0,43.89,161.84,52.36,136.79,3.13,0,0,0.42,0.11,0.02,13.97,6.84,679.07,223.19,153.54,596.22,0,0,981.4,64.04,14.16,2,1,0.52,0.5,0,120.77,2118.64,2118.64,10481.89,0
bz,organic,9,176.41,3333.1,3333.1,2698.28,0,0,0,0,0,0,0,0,0.043,0.0184,0.0054,0.0016,0.0004,49585.94,21199.75,6202.38,1821.28,653.6,78664.7,79462.95,798.26,-2698.073636,-2921.694284,-17.92,241.5406478,4690.99,312.82,936.89,2934.23,8050.62,26.65,0,-0.48,7546.45,36.35,7618.33,38.63,74.16,0,0,43.88,168.51,52.12,141.16,3.44,0,0,0.58,0.12,0.02,14.31,6.81,678.99,229.42,153.12,590.47,0,0,981.4,64.04,14.16,2,1,0.52,0.5,0,121.29,2184.17,2184.17,11273.58,0
bz,organic,10,162.73,3339.11,3339.11,2697.81,0,0,0,0,0,0,0,0,0.0438,0.0183,0.0053,0.0016,0.0004,50494.83,21072.53,6165.65,1810.7,650.19,79462.95,80193.89,730.95,-2367.303872,-2675.334398,-16.8,324.8305264,4762.92,332.09,936.89,3140.34,8414.16,27.44,0,-0.45,7618.33,38.63,7687.09,41.41,71.54,0,0,43.86,172.73,50.75,143.81,3.78,0,0,0.78,0.13,0.03,14.66,6.79,678.95,232.83,154.06,586.22,0,0,981.4,64.04,14.16,2,1,0.51,0.5,0,115.31,2216.16,2216.16,11936.88,0
bz,organic,11,149.65,3340.77,3340.77,2694.19,0,0,0,0,0,0,0,0,0.0445,0.0182,0.0053,0.0016,0.0004,51339.44,20948.38,6129.79,1800.35,646.84,80193.9,80864.8,670.9,-2033.954821,-2455.546683,-15.68,437.2718625,4790.29,348.11,936.89,3313.23,8690.17,28.03,0,-0.42,7687.09,41.41,7751.91,44.13,67.54,0,0,43.85,175.31,49.29,146.38,4.17,0,0,1.05,0.15,0.03,14.98,6.77,678.93,236.07,155.62,581.48,0,0,981.4,64.04,14.16,2,1,0.5,0.51,0,107.36,2230.56,2230.56,12487.48,0
bz,organic,12,138.98,3341.52,3341.52,2690.8,0,0,0,0,0,0,0,0,0.0452,0.0181,0.0053,0.0016,0.0004,52130.89,20827.01,6094.7,1790.22,643.54,80864.8,81486.35,621.55,-1723.110633,-2274.921807,-14.56,566.3711743,4797.43,361.35,936.89,3456.54,8902.63,28.45,0,-0.39,7751.91,44.13,7812.66,46.78,63.4,0,0,43.83,176.99,47.98,148.67,4.49,0,0,1.36,0.16,0.04,15.24,6.74,678.92,238.87,157.5,576.74,0,0,981.4,64.04,14.16,2,1,0.49,0.51,0,99.85,2236.6,2236.6,12941.92,0
bz,organic,13,131.35,3344.55,3344.55,2690.36,0,0,0,0,0,0,0,0,0.0459,0.018,0.0053,0.0015,0.0004,52882.07,20708.07,6060.31,1780.29,640.29,81486.35,82071.02,584.67,-1428.756168,-2139.938111,-13.44,724.6219433,4799.21,372.35,936.89,3574.68,9069.95,28.79,0,-0.36,7812.66,46.78,7869.73,49.02,59.31,0,0,43.82,178.26,46.84,150.86,4.73,0,0,1.74,0.18,0.04,15.55,6.7,678.92,241.48,158.2,573.55,0,0,981.4,64.04,14.16,2,1,0.49,0.52,0,93.89,2240.18,2240.18,13320.13,0
bz,organic,14,124.65,3343.51,3343.51,2687.12,0,0,0,0,0,0,0,0,0.0465,0.0179,0.0052,0.0015,0.0004,53596.7,20591.52,6026.58,1770.54,637.08,82071.02,82622.42,551.4,-1122.627622,-2018.167299,-12.32,907.8596767,4795.67,381.41,936.89,3672.79,9206.78,29.06,0,-0.33,7869.73,49.02,7923.5,51.12,55.87,0,0,43.8,179.16,45.79,152.62,4.91,0,0,2.18,0.19,0.06,15.52,6.65,678.92,243.39,158.98,570.87,0,0,981.4,64.04,14.16,2,1,0.48,0.52,0,88.84,2240.69,2240.69,13630.92,0
bz,organic,15,122.7,3361.13,3361.13,2700.24,0,0,0,0,0,0,0,0,0.0471,0.0178,0.0052,0.0015,0.0004,54299.12,20477.11,5993.44,1760.94,633.91,82622.42,83164.52,542.1,-870.9152085,-1984.128569,-11.2,1124.413361,4809.42,389.22,936.89,3753.88,9318.6,29.26,0,-0.3,7923.5,51.12,7974.85,52.75,52.98,0,0,43.79,180.39,45.31,154.72,5.1,0,0,2.7,0.2,0.08,15.57,6.59,678.91,245.82,159.02,568.36,0,0,981.4,64.04,14.16,2,1,0.48,0.52,0,86.37,2249.68,2249.68,13902.14,0
bz,organic,16,120.11,3369.67,3369.67,2706.05,0,0,0,0,0,0,0,0,0.0477,0.0177,0.0052,0.0015,0.0004,54985.09,20364.63,5960.81,1751.51,630.79,83164.52,83692.84,528.32,-603.1789743,-1933.692686,-10.45333333,1340.967045,4824.95,395.92,936.89,3824.38,9424.56,29.48,0,-0.28,7974.85,52.75,8024.17,54.28,50.85,0,0,43.77,181.53,44.78,156.23,5.14,0,0,3.22,0.21,0.1,15.57,6.54,678.9,247.32,158.54,567.32,0,0,981.4,64.04,14.16,2,1,0.47,0.52,0,84.42,2257.89,2257.89,14133.32,0
bz,organic,17,117.52,3374.45,3374.45,2708.93,0,0,0,0,0,0,0,0,0.0483,0.0176,0.0051,0.0015,0.0004,55692.62,20253.93,5928.73,1742.21,627.72,83692.84,84245.2,552.37,-519.3396125,-2021.717575,-9.333333333,1511.711296,4974.71,401.56,803.05,3884.41,9482.02,29.63,0,-0.25,8024.17,54.28,8071.92,54.72,48.18,0,0,37.51,186.31,44.29,157.4,5.04,0,0,3.63,0.22,0.08,14.24,6.52,678.84,248.27,159.78,565.23,0,0,981.4,64.04,14.16,2,1,0.47,0.52,0,85.31,2337.57,2337.57,14327.95,0
bz,organic,18,113.33,3363.25,3363.25,2698.76,0,0,0,0,0,0,0,0,0.0489,0.0175,0.0051,0.0015,0.0004,56331.07,20144.7,5897.06,1733.04,624.67,84245.2,84730.55,485.35,18.22009212,-1776.419112,-8.586666667,1803.225871,4912.1,406.05,936.89,3934.37,9674.5,29.91,0,-0.23,8071.92,54.72,8119.55,56.84,49.76,0,0,43.74,185.01,43.72,157.52,5.15,0,0,4.33,0.23,0.13,15.64,6.51,678.85,247.57,158.14,567.51,0,0,981.4,64.04,14.16,2,1,0.47,0.53,0,81.21,2293.46,2293.46,14480.13,0
bz,organic,19,112.77,3380.66,3380.66,2712.25,0,0,0,0,0,0,0,0,0.0494,0.0174,0.0051,0.0015,0.0004,56921.75,20037.04,5865.75,1723.99,621.67,84730.55,85170.2,439.65,386.1280557,-1609.153524,-7.84,2003.12158,4877.54,409.97,936.89,3974.69,9729.96,29.89,0,-0.21,8119.55,56.84,8164,58.03,45.64,0,0,43.73,184.44,43.35,159.41,5.39,0,0,4.81,0.24,0.15,15.77,6.51,678.87,249.65,159.06,564.69,0,0,981.4,64.04,14.16,2,1,0.47,0.53,0,79.5,2282.58,2282.58,14617.03,0
bz,organic,20,110.63,3383.1,3383.1,2713.48,0,0,0,0,0,0,0,0,0.0499,0.0173,0.0051,0.0015,0.0004,57488.82,19930.79,5834.84,1715.06,618.69,85170.22,85588.2,417.98,615.3637388,-1529.839622,-7.84,2153.043361,4865.88,413.26,936.89,4010.42,9778.95,29.95,0,-0.21,8164.01,58.03,8206.02,59.17,43.16,0,0,43.72,184.42,42.86,160.43,5.52,0,0,5.17,0.24,0.17,15.91,6.52,678.88,250.36,159.92,563.14,0,0,981.4,64.04,14.16,2,1,0.46,0.53,0,77.89,2278.84,2278.84,14730.21,0