Year ,Practice,Country,Grain,SOC_10cm,SOC_20cm,SOC_30cm,SOC_40cm,SOC_50cm,Ini_SOC,End_SOC    ,dSOC       ,Shoot,Root_Litter,Manure,Root_Exudation,Leach,Runoff,CH4_C,N2O_N,CO2,CH4,N2O,GWP
1,Organic,China,631.81,5873.28,5882.6,5882.95,5083.44,2964.32,25340.18,25686.59,346.41,0,544.15,0,60.1,14.26,0.02,0,6.63,1270.17,0,2760.921429,4031.091429
2,Organic,China,418.51,5794.81,5800.13,5800.07,5017.13,2949.76,25686.59,25361.9,-324.69,0,0,0,0,68.34,0.06,0,6.43,-1190.53,0,2677.635714,1487.105714
3,Organic,China,453.26,5726.62,5730.16,5730.11,4960.32,2932.65,25361.9,25079.86,-282.04,0,0,0,0,63.29,0.06,0,7.22,-1034.146667,0,3006.614286,1972.467619
4,Organic,China,460.39,5672.71,5675.33,5675.29,4915.4,2916.85,25079.86,24855.58,-224.28,0,0,0,0,49.79,0.05,0,6.91,-822.36,0,2877.521429,2055.161429
5,Organic,China,462.8,5627.41,5629.43,5629.41,4877.42,2901.87,24855.58,24665.54,-190.04,0,0,0,0,42.14,0.04,0,6.64,-696.8133333,0,2765.085714,2068.272381
6,Organic,China,462.51,5587.66,5589.28,5589.26,4843.94,2887.56,24665.54,24497.69,-167.85,0,0,0,0,36.84,0.04,0,6.45,-615.45,0,2685.964286,2070.514286
7,Organic,China,460.77,5551.61,5552.95,5552.93,4813.47,2873.8,24497.69,24344.76,-152.93,0,0,0,0,32.92,0.04,0,6.29,-560.7433333,0,2619.335714,2058.592381
8,Organic,China,458.34,5518.17,5519.31,5519.29,4785.15,2860.51,24344.76,24202.43,-142.33,0,0,0,0,30,0.03,0,6.18,-521.8766667,0,2573.528571,2051.651905
9,Organic,China,456.05,5486.55,5487.55,5487.53,4758.34,2847.61,24202.42,24067.58,-134.84,0,0,0,0,27.73,0.03,0,6.08,-494.4133333,0,2531.885714,2037.472381
10,Organic,China,453.84,5456.35,5457.23,5457.21,4732.72,2835.05,24067.58,23938.56,-129.02,0,0,0,0,25.96,0.03,0,5.99,-473.0733333,0,2494.407143,2021.33381
11,Organic,China,451.83,5427.23,5428.02,5428.01,4707.99,2822.79,23938.56,23814.05,-124.51,0,0,0,0,24.52,0.03,0,5.91,-456.5366667,0,2461.092857,2004.55619
12,Organic,China,450.03,5398.92,5399.64,5399.63,4683.96,2810.79,23814.05,23692.94,-121.11,0,0,0,0,23.36,0.03,0,5.87,-444.07,0,2444.435714,2000.365714
13,Organic,China,448.33,5371.3,5371.97,5371.96,4660.52,2799.03,23692.95,23574.78,-118.16,0,0,0,0,22.39,0.03,0,5.82,-433.2533333,0,2423.614286,1990.360952
14,Organic,China,447.08,5344.27,5344.9,5344.88,4637.58,2787.45,23574.78,23459.07,-115.71,0,0,0,0,21.62,0.03,0,5.77,-424.27,0,2402.792857,1978.522857
15,Organic,China,446.02,5317.74,5318.33,5318.32,4615.06,2776.06,23459.07,23345.52,-113.55,0,0,0,0,20.96,0.03,0,5.72,-416.35,0,2381.971429,1965.621429
16,Organic,China,445.06,5291.64,5292.21,5292.19,4592.92,2764.83,23345.52,23233.79,-111.73,0,0,0,0,20.44,0.03,0,5.69,-409.6766667,0,2369.478571,1959.801905
17,Organic,China,449.6,5266.33,5267.23,5266.78,4571.82,2753.63,23233.79,23125.79,-108,0,0,0,0,19.92,0.03,0,4.01,-396,0,1669.878571,1273.878571
18,Organic,China,55.18,5258.98,5258.38,5257.84,4563.86,2556.79,23125.79,22895.84,-229.95,1.69,0,0,0,191.96,2.24,0,0.03,-843.15,0,12.49285714,-830.6571429
19,Organic,China,34.05,5259.24,5251.56,5251.03,4557.84,2548.08,22895.84,22867.74,-28.1,17.41,0,0,0,5.09,20.2,0,0,-103.0333333,0,0,-103.0333333
20,Organic,China,34.16,5258.85,5244.77,5244.26,4551.86,2544.36,22867.74,22844.1,-23.64,22.5,0,0,0,0.15,27.62,0,0,-86.68,0,0,-86.68
1,Organic,Texas,1262,147079.66,147453.98,147658.3,104149.14,49820.27,606504,596161.38,-10342.63,0,1152.55,0,138.52,58.74,0,-3.68,186.38,-37922.97667,-137.3866667,77613.95714,39553.59381
2,Organic,Texas,1270.39,144702.84,144962.67,145192.47,102561.84,49269.29,596161.44,586689.13,-9472.31,0,1160.21,0,139.44,60.65,0,-4.63,208.52,-34731.80333,-172.8533333,86833.68571,51929.02905
3,Organic,Texas,1278.73,142598.38,142812.33,143019.98,101140.58,48752.81,586689.19,578324.06,-8365.13,0,1167.82,0,140.36,56.9,0,-4.7,214.4,-30672.14333,-175.4666667,89282.28571,58434.67571
4,Organic,Texas,1287.01,140681.38,140869.56,141054.77,99842.28,48264.1,578324.06,570712.06,-7612,0,1126.88,0,136.09,54.11,0,-4.75,210.57,-27910.66667,-177.3333333,87687.36429,59599.36429
5,Organic,Texas,1295.25,138924,139096.81,139262.17,98647.2,47799.09,570712.13,563729.25,-6982.88,0,1134.09,0,136.96,51.97,0,-4.8,202.76,-25603.89333,-179.2,84435.05714,58651.96381
6,Organic,Texas,1303.43,137295.38,137456.88,137606.03,97534.14,47353.96,563729.31,557246.38,-6482.94,0,1141.25,0,137.83,50.17,0,-4.85,193.86,-23770.78,-181.0666667,80728.84286,56776.99619
7,Organic,Texas,1311.56,135775.44,135927.98,136062.75,96490.15,46926.13,557246.44,551182.44,-6064,0,1148.37,0,138.69,48.62,0,-4.89,185.78,-22234.66667,-182.56,77364.1,54946.87333
8,Organic,Texas,1319.64,134347.56,134493.11,134614.78,95504.45,46513.61,551182.44,545473.5,-5708.94,0,1155.45,0,139.54,47.28,0,-4.93,177.92,-20932.78,-184.0533333,74090.97143,52974.1381
9,Organic,Texas,1327.67,132998.97,133140.38,133248.58,94569.41,46114.48,545473.5,540071.81,-5401.69,0,1162.48,0,140.39,46.1,0,-4.96,170.75,-19806.19667,-185.1733333,71105.17857,51113.80857
10,Organic,Texas,1335.65,131719.59,131858.16,131953.75,93678.63,45727.8,540071.88,534937.94,-5133.94,0,1169.47,0,141.24,45.05,0,-5,164.25,-18824.44667,-186.6666667,68398.39286,49387.27952
11,Organic,Texas,1343.59,130500.59,130636.66,130721.09,92826.48,45351.68,534937.94,530036.5,-4901.44,0,1176.42,0,142.08,44.09,0,-5.03,158.34,-17971.94667,-187.7866667,65937.3,47777.56667
12,Organic,Texas,1351.48,129334.59,129468.51,129542.97,92008.48,44985.75,530036.5,525340.31,-4696.19,0,1183.32,0,142.91,43.22,0,-5.06,153.18,-17219.36333,-188.9066667,63788.52857,46380.25857
13,Organic,Texas,1359.32,128203.84,128334,128399.39,91213.32,44629.16,525340.25,520779.72,-4560.53,0,1137.81,0,138.09,42.29,0,-5.09,149.32,-16721.94333,-190.0266667,62181.11429,45269.14429
14,Organic,Texas,1367.11,127118.98,127246.66,127304.21,90448.15,44280.89,520779.69,516398.91,-4380.78,0,1144.33,0,138.88,41.55,0,-5.11,145.1,-16062.86,-190.7733333,60423.78571,44170.15238
15,Organic,Texas,1374.86,126074.55,126200.44,126250.44,89709,43940.81,516398.94,512175.25,-4223.69,0,1150.81,0,139.66,40.88,0,-5.14,141.2,-15486.86333,-191.8933333,58799.71429,43120.95762
16,Organic,Texas,1382.56,125066.88,125191.66,125234.53,88993.5,43607.8,512175.25,508094.38,-4080.88,0,1157.26,0,140.45,40.25,0,-5.16,137.29,-14963.22667,-192.64,57171.47857,42015.6119
17,Organic,Texas,1390.22,124092.86,124216.99,124252.84,88300.04,43281.76,508094.34,504144.5,-3949.84,0,1163.67,0,141.23,39.68,0,-5.18,133.81,-14482.74667,-193.3866667,55722.30714,41046.17381
18,Organic,Texas,1397.83,123148.78,123272.43,123301.63,87625.66,42961.61,504144.47,500310.09,-3834.38,0,1170.05,0,142,39.14,0,-5.2,130.52,-14059.39333,-194.1333333,54352.25714,40098.73048
19,Organic,Texas,1405.4,122231.41,122355.09,122378.19,86968.94,42647.7,500310.16,496581.31,-3728.84,0,1176.38,0,142.77,38.66,0,-5.22,127.53,-13672.41333,-194.88,53107.13571,39239.84238
20,Organic,Texas,1412.93,121327.65,121452.82,121475,86325.94,42339.2,496581.25,492920.59,-3660.66,0,1182.68,0,143.53,38.21,0,-5.21,125.51,-13422.42,-194.5066667,52265.95,38649.02333
1,Organic,India,1469.74,117477.57,117860.98,117871.88,83768.27,41206.52,481866.53,478185.25,-3681.28,0,1144.96,0,147.55,0.84,0,-2.98,74.64,-13498.02667,-111.2533333,31082.22857,17472.94857
2,Organic,India,1445.44,116487.01,116868.4,116891.38,83135.52,40974.49,478185.28,474356.78,-3828.5,0,1152.58,0,148.53,0.81,0,-3.5,102.75,-14037.83333,-130.6666667,42788.03571,28619.53571
3,Organic,India,1454.92,115614.66,115970.02,116002.03,82555.44,40755.31,474356.81,470897.47,-3459.34,0,1160.14,0,149.5,0.74,0,-3.52,125.71,-12684.24667,-131.4133333,52349.23571,39533.57571
4,Organic,India,1429.82,114798.92,115132.64,115170.58,82010.66,40545.86,470897.56,467658.66,-3238.91,0,1167.66,0,150.47,0.69,0,-3.54,144.52,-11876.00333,-132.16,60182.25714,48174.09381
5,Organic,India,1473.72,114012.38,114326.88,114368.3,81485.73,40344.69,467658.69,464538,-3120.69,0,1128.72,0,146.04,0.65,0,-3.55,157.25,-11442.53,-132.5333333,65483.39286,53908.32952
6,Organic,India,1483.02,113260.02,113557.72,113600.95,80982.44,40150.21,464537.97,461551.34,-2986.63,0,1135.85,0,146.96,0.62,0,-3.57,164.35,-10950.97667,-133.28,68440.03571,57355.77905
7,Organic,India,1457.09,112533.32,112817.13,112861.08,80496.14,39961.21,461551.34,458668.88,-2882.47,0,1142.93,0,147.88,0.6,0,-3.58,168.61,-10569.05667,-133.6533333,70214.02143,59511.31143
8,Organic,India,1466.07,111828.49,112101.82,112145.6,80024.38,39776.63,458668.94,455876.91,-2792.03,0,1149.97,0,148.79,0.58,0,-3.59,170.4,-10237.44333,-134.0266667,70959.42857,60587.95857
9,Organic,India,1474.99,111142.83,111407.49,111450.7,79565.51,39596.03,455876.94,453162.56,-2714.38,0,1156.97,0,149.7,0.56,0,-3.61,170.59,-9952.726667,-134.7733333,71038.55,60951.05
10,Organic,India,1448.04,110475.13,110732.05,110774.33,79117.94,39418.77,453162.53,450518.22,-2644.31,0,1163.93,0,150.6,0.55,0,-3.62,170.74,-9695.803333,-135.1466667,71101.01429,61270.06429
11,Organic,India,1456.64,109822.3,110072.98,110114.23,78680.29,39244.45,450518.16,447934.25,-2583.91,0,1170.84,0,151.49,0.54,0,-3.63,169.28,-9474.336667,-135.52,70493.02857,60883.1719
12,Organic,India,1465.19,109183.36,109428.77,109468.74,78251.55,39072.65,447934.25,445405.06,-2529.19,0,1177.72,0,152.38,0.53,0,-3.65,167.4,-9273.696667,-136.2666667,69710.14286,60300.17952
13,Organic,India,1473.69,108547.7,108785.57,108824.09,77824.95,38903.33,445405.09,442885.66,-2519.44,0,1135.85,0,147.54,0.51,0,-3.66,166.51,-9237.946667,-136.64,69339.52143,59964.93476
14,Organic,India,1482.14,107927.48,108160.03,108197.23,77408.63,38736.23,442885.66,440429.63,-2456.03,0,1142.36,0,148.39,0.51,0,-3.67,164.17,-9005.443333,-137.0133333,68365.07857,59222.6219
15,Organic,India,1453.66,107321.63,107549.43,107585.4,77000.87,38571.02,440429.69,438028.34,-2401.34,0,1148.83,0,149.23,0.5,0,-3.68,162.5,-8804.913333,-137.3866667,67669.64286,58727.34286
16,Organic,India,1461.8,106727.45,106951.73,106986.45,76600.69,38407.78,438028.41,435674.13,-2354.28,0,1155.27,0,150.06,0.49,0,-3.69,159.96,-8632.36,-137.76,66611.91429,57841.79429
17,Organic,India,1469.9,106704.85,106382.94,106323.33,76199.85,38246.38,435674.13,433857.34,-1816.78,0,1161.67,0,150.89,2.49,0,-3.7,75.36,-6661.526667,-138.1333333,31382.05714,24582.39714
18,Organic,India,0,105686.33,105735.66,105766.34,75861.73,35560.19,433857.34,428610.25,-5247.09,0,0,0,0,2599.29,23.19,1083.93,6.55,-19239.33,40466.72,2727.607143,23954.99714
19,Organic,India,622.32,106631.76,105595.88,105525.49,75694.1,35478.38,428610.22,428925.63,315.41,0,1149.37,0,4395.61,3.94,590.66,166.87,0,1156.503333,6229.813333,0,7386.316667
20,Organic,India,789.81,106811.37,105370.45,105295.19,75532.53,35400.91,428925.66,428410.44,-515.22,876.09,1155.52,0,4419.15,0.54,2278.71,963.39,0,-1889.14,35966.56,0,34077.42
1,Organic,Peru,863.42,45681.86,45754.8,45721.04,32170.76,15331.96,185935.55,184660.41,-1275.14,0,1124.82,0,238.83,15.63,0,-2.21,11.18,-4675.513333,-82.50666667,4655.671429,-102.3485714
2,Organic,Peru,1334.24,45258.94,45335.11,45303.23,31875.8,15197.17,184660.42,182970.25,-1690.17,0,1132.3,0,240.42,17.71,0,-2.33,17.48,-6197.29,-86.98666667,7279.171429,994.8947619
3,Organic,Peru,1278.16,44852.77,44929.03,44897.77,31592.73,15069.63,182970.28,181341.94,-1628.34,0,1139.73,0,242,17.28,0,-2.32,16.26,-5970.58,-86.61333333,6771.128571,713.9352381
4,Organic,Peru,1235.79,44461.16,44537.35,44506.58,31320.74,14948.26,181341.94,179774.09,-1567.84,0,1147.11,0,243.57,16.86,0,-2.32,15.43,-5748.746667,-86.61333333,6425.492857,590.1328571
5,Organic,Peru,1209.21,44076.02,44151.3,44121.09,31054.63,14831.28,179774.08,178234.31,-1539.77,0,1127.06,0,239.96,16.37,0,-2.31,14.96,-5645.823333,-86.24,6229.771429,497.7080952
6,Organic,Peru,1177.82,43704.92,43779.71,43749.85,30798.35,14718.91,178234.34,176751.75,-1482.59,0,1134.18,0,241.48,16.1,0,-2.31,14.36,-5436.163333,-86.24,5979.914286,457.5109524
7,Organic,Peru,1147.59,43345.28,43419.75,43390.16,30550.31,14609.81,176751.73,175315.31,-1436.42,0,1141.25,0,242.98,15.91,0,-2.3,13.91,-5266.873333,-85.86666667,5792.521429,439.7814286
8,Organic,Peru,1120.38,42995.66,43069.93,43040.54,30309.28,14503.82,175315.33,173919.22,-1396.11,0,1148.28,0,244.48,15.77,0,-2.3,13.46,-5119.07,-85.86666667,5605.128571,400.1919048
9,Organic,Peru,1095.45,42654.82,42728.99,42699.71,30074.21,14400.36,173919.19,172558.09,-1361.09,0,1155.27,0,245.97,15.67,0,-2.3,13.08,-4990.663333,-85.86666667,5446.885714,370.3557143
10,Organic,Peru,1083.77,42314.54,42387.88,42358.83,29840.39,14298.87,172558.11,171200.52,-1357.59,0,1133.97,0,242.09,15.4,0,-2.29,13.05,-4977.83,-85.49333333,5434.392857,371.0695238
11,Organic,Peru,1065.46,41983.36,42056.31,42027.34,29612.88,14199.71,171200.52,169879.61,-1320.91,0,1140.71,0,243.52,15.31,0,-2.29,12.69,-4843.336667,-85.49333333,5284.478571,355.6485714
12,Organic,Peru,1045.95,41659.63,41732.38,41703.45,29390.33,14102.49,169879.63,168588.28,-1291.34,0,1147.41,0,244.95,15.28,0,-2.28,12.41,-4734.913333,-85.12,5167.878571,347.8452381
13,Organic,Peru,1027.99,41342.35,41415.02,41386.09,29172.15,14006.92,168588.25,167322.53,-1265.72,0,1154.06,0,246.37,15.26,0,-2.28,12.12,-4640.973333,-85.12,5047.114286,321.0209524
14,Organic,Peru,1012.09,41030.68,41103.32,41074.35,28957.87,13912.93,167322.53,166079.16,-1243.38,0,1160.68,0,247.79,15.25,0,-2.27,11.83,-4559.06,-84.74666667,4926.35,282.5433333
15,Organic,Peru,1007.34,40716.95,40788.84,40759.96,28742.91,13820,166079.19,164828.66,-1250.53,0,1138.18,0,243.64,15.07,0,-2.27,11.81,-4585.276667,-84.74666667,4918.021429,247.9980952
16,Organic,Peru,994.67,40410.3,40481.83,40452.94,28532.62,13728.78,164828.66,163606.47,-1222.19,0,1144.56,0,245,15.04,0,-2.26,11.6,-4481.363333,-84.37333333,4830.571429,264.8347619
17,Organic,Peru,1056.16,40320.26,40439.58,40022.8,28267.55,13646.76,163606.45,162696.95,-909.5,0,1150.9,0,246.36,23.72,0,-2.26,4.75,-3334.833333,-84.37333333,1978.035714,-1441.170952
18,Organic,Peru,0,39608.48,39725.05,39574.83,28011.6,12987.49,162696.95,159907.44,-2789.52,0,0,0,0,588.81,5.79,553.49,0.58,-10228.24,20663.62667,241.5285714,10676.91524
19,Organic,Peru,153.57,39946.68,39767.95,39453.71,27919.13,12599.17,159907.44,159686.63,-220.81,0,613.21,0,2363.6,354.1,56.52,53.35,0,-809.6366667,1991.733333,0,1182.096667
20,Organic,Peru,295.85,40302.09,39801.52,39351.38,27839,12356.35,159686.64,159650.33,-36.31,412.82,921.64,0,3492.16,209.89,149.07,251.17,0,-133.1366667,9377.013333,0,9243.876667
1,Regenerative,China,652.34,7835.29,6887.68,5793.3,3352.19,2963.13,25340.18,26831.59,1491.4,775.48,1010.09,135,110.9,28.21,0.04,0,13.82,5468.466667,0,5755.042857,11223.50952
2,Regenerative,China,0,8800.21,6805.62,5761.53,3336.43,2948.74,26831.59,27652.52,820.94,2702.11,0,135,0,64.31,3.68,0,17.94,3010.113333,0,7470.728571,10480.8419
3,Regenerative,China,0,9408.55,6726.64,5723.94,3317.29,2932.15,27652.52,28108.57,456.05,2712.61,0,135,0,111.95,5.25,0,20.34,1672.183333,0,8470.157143,10142.34048
4,Regenerative,China,0,9967.34,6659.63,5690.87,3300.16,2916.61,28108.57,28534.62,426.04,2714.09,0,112.5,0,107.22,5.56,0,20.95,1562.146667,0,8724.178571,10286.32524
5,Regenerative,China,0,10505.81,6599.18,5657.38,3282.38,2901.58,28534.62,28946.34,411.71,2719.97,0,135,0,107.96,5.8,0,22.05,1509.603333,0,9182.25,10691.85333
6,Regenerative,China,0,11014.31,6545.68,5627.04,3266.15,2887.29,28946.34,29340.47,394.13,2736.84,0,135,0,104.98,5.99,0,22.66,1445.143333,0,9436.271429,10881.41476
7,Regenerative,China,0,11493.78,6498.25,5599.37,3250.79,2873.55,29340.47,29715.74,375.27,2765.12,0,135,0,104.38,6.19,0,22.87,1375.99,0,9523.721429,10899.71143
8,Regenerative,China,0,11937.57,6453.18,5570.71,3235.45,2860.27,29715.74,30057.18,341.44,2769.78,0,135,0,104.73,6.32,0,23.68,1251.946667,0,9861.028571,11112.97524
9,Regenerative,China,0,12355.02,6412.19,5544.19,3220.81,2847.36,30057.18,30379.57,322.39,2777.76,0,135,0,100.88,6.48,0,22.6,1182.096667,0,9411.285714,10593.38238
10,Regenerative,China,0,12750.58,6373.88,5518.54,3206.56,2834.8,30379.57,30684.35,304.79,2788.01,0,135,0,99.26,6.62,0,21.47,1117.563333,0,8940.721429,10058.28476
11,Regenerative,China,0,13134.47,6337.69,5493.62,3192.64,2822.52,30684.35,30980.93,296.58,2808.01,0,135,0,97.52,6.7,-0.01,21.04,1087.46,-0.373333333,8761.657143,9848.74381
12,Regenerative,China,0,13505.09,6304.05,5469.94,3179.02,2810.51,30980.93,31268.61,287.67,2838.67,0,135,0,96.27,6.84,-0.01,20.33,1054.79,-0.373333333,8465.992857,9520.409524
13,Regenerative,China,0,13854.05,6270.65,5445.65,3165.64,2798.72,31268.6,31534.72,266.12,2844.29,0,135,0,94.98,6.89,-0.01,20.89,975.7733333,-0.373333333,8699.192857,9674.592857
14,Regenerative,China,0,14189.12,6239.17,5422.43,3152.51,2787.13,31534.73,31790.36,255.63,2852.8,0,135,0,92.32,6.93,-0.02,21.07,937.31,-0.746666667,8774.15,9710.713333
15,Regenerative,China,0,14513.19,6208.79,5399.64,3139.58,2775.72,31790.36,32036.92,246.56,2863.3,0,135,0,90.28,6.96,-0.02,21.24,904.0533333,-0.746666667,8844.942857,9748.249524
16,Regenerative,China,0,14608.76,6179.23,5377.21,3126.84,2764.47,32036.92,32056.51,19.58,2619.03,0,135,0,88.09,6.97,-0.02,21.45,71.79333333,-0.746666667,8932.392857,9003.439524
17,Regenerative,China,0,14615.83,6150.5,5355.1,3114.26,2753.36,32056.5,31989.05,-67.45,2082.01,0,135,0,74.57,5.95,-0.02,20.82,-247.3166667,-0.746666667,8670.042857,8421.979524
18,Regenerative,China,0,14857.77,6122.7,5333.33,3101.82,2742.4,31989.04,32158.02,168.98,2358.78,0,135,0,70.86,6.02,-0.02,20.9,619.5933333,-0.746666667,8703.357143,9322.20381
19,Regenerative,China,0,15132.97,6095.84,5311.92,3089.53,2731.55,32158.03,32361.8,203.78,2538.54,0,112.5,0,71.78,6.23,-0.03,21.1,747.1933333,-1.12,8786.642857,9532.71619
20,Regenerative,China,0,15441.37,6068.89,5290.62,3077.36,2720.83,32361.8,32599.07,237.27,2667.77,0,135,0,72.5,6.41,-0.03,21.51,869.99,-1.12,8957.378571,9826.248571
1,Regenerative,Texas,1262,173276.83,173261.16,134113.05,71446.34,49826.61,606504,601924,-4580,885.06,4033.44,135,851.65,76.59,0,-3.51,79.57,-16793.33333,-131.04,33135.22143,16210.8481
2,Regenerative,Texas,5806.44,172604.34,171786.55,132574.38,70627.88,49280.6,601924.13,596873.75,-5050.38,3686.52,2898.98,135,1287.23,99.17,0,-3.35,139.88,-18518.06,-125.0666667,58250.02857,39606.9019
3,Regenerative,Texas,5670.45,173269.97,170784.31,131204.81,69868.03,48768.6,596873.75,593895.75,-2978,5619.64,4084.82,135,2019.43,121.83,0,-3.15,121.9,-10919.33333,-117.6,50762.64286,39725.70952
4,Regenerative,Texas,5707.19,173604.86,169729.09,129912.77,69163.79,48292.91,593895.75,590703.44,-3192.31,6969.36,4017.74,112.5,2606.37,144.26,0,-2.91,115.94,-11705.13667,-108.64,48280.72857,36466.9519
5,Regenerative,Texas,5572.4,174005.38,168635.2,128629.2,68469.62,47823.25,590703.5,587562.63,-3140.88,7896.17,4042.48,135,3205.78,162.57,0,-2.68,117.29,-11516.56,-100.0533333,48842.90714,37226.29381
6,Regenerative,Texas,5607.6,173801.66,167140.97,127364.54,67809.33,47381.41,587562.56,583497.88,-4064.69,8544.43,2925.74,135,3670.65,180.24,0,-2.45,145.03,-14903.86333,-91.46666667,60394.63571,45399.30571
7,Regenerative,Texas,5642.58,174631.03,166172.91,126241.45,67198.17,46966.05,583497.94,581209.63,-2288.31,8977.66,4091.41,135,4414.46,202.76,0,-2.24,121.08,-8390.47,-83.62666667,50421.17143,41947.07476
8,Regenerative,Texas,5497.11,175054.77,165155.83,125099.05,66581.38,46548,581209.63,578439,-2770.63,9297.29,4115.67,135,5023.69,221.51,0,-2.02,124.66,-10158.97667,-75.41333333,51911.98571,41677.59571
9,Regenerative,Texas,5530.56,175377.22,164141.34,124012.09,65997.14,46152.13,578438.94,575679.94,-2759,9522.98,4094.03,135,5631.84,239.67,0,-1.82,123.67,-10116.33333,-67.94666667,51499.72143,41315.44143
10,Regenerative,Texas,5381.91,175662.61,163132.72,122957.25,65432.24,45768.71,575679.94,572953.5,-2726.44,9661.14,4117.74,135,6247.35,258.82,0,-1.62,124.97,-9996.946667,-60.48,52041.07857,41983.6519
11,Regenerative,Texas,5413.89,175283.47,161695.16,121876.03,64874.96,45394.58,572953.63,569124.19,-3829.44,9775.32,2964.88,135,6723.85,276.59,0,-1.44,155.82,-14041.28,-53.76,64887.9,50792.86
12,Regenerative,Texas,5445.67,175949.59,160815.39,120914.95,64355.82,45039.9,569124.13,567075.63,-2048.5,9858.25,4164.65,135,7487.64,298.9,0,-1.27,131.26,-7511.166667,-47.41333333,54660.41429,47101.83429
13,Regenerative,Texas,5280.1,176155.48,159872.92,119920.56,63822.7,44677.57,567075.69,564449.25,-2626.44,9897.88,4135.54,135,8106.75,317.45,0,-1.1,134.24,-9630.28,-41.06666667,55901.37143,46230.02476
14,Regenerative,Texas,5310.37,176309.53,158932.83,118970.36,63314.62,44332.62,564449.25,561859.94,-2589.31,9943.07,4110.7,135,8729.95,335.93,0,-0.95,133.47,-9494.136667,-35.46666667,55580.72143,46051.1181
15,Regenerative,Texas,5340.47,176480.14,158000.77,118039.67,62816.69,43994.92,561860,559332.19,-2527.81,9977.28,4133.07,135,9360.65,354.86,0,-0.81,134.94,-9268.636667,-30.24,56192.87143,46893.99476
16,Regenerative,Texas,5129.13,175359.19,156714.69,117087.47,62333.34,43668.46,559332.25,555163.13,-4169.13,9099.72,2826.45,135,10045.38,368.37,0,-0.75,123.08,-15286.81,-28,51254.02857,35939.21857
17,Regenerative,Texas,5272.16,174251.58,155482.72,116151.13,61855.29,43349.58,555163.19,551090.31,-4072.88,7189.72,3013.82,135,11018.44,390.24,0,-0.79,146.11,-14933.89333,-29.49333333,60844.37857,45880.9919
18,Regenerative,Texas,5102.66,174558.09,154749.13,115296.55,61397.51,43036.9,551090.25,549038.19,-2052.06,8035.16,4199.53,135,12158.17,419.82,0,-0.75,124.84,-7524.22,-28,51986.94286,44434.72286
19,Regenerative,Texas,5113.46,174545.3,154003.14,114473.84,60952.99,42737.79,549038.19,546713.06,-2325.13,8638.58,4221.44,112.5,13161,449.03,0,-0.75,117.75,-8525.476667,-28,49034.46429,40480.98762
20,Regenerative,Texas,5128.94,174524,153203.75,113612.58,60498.2,42429.29,546713.06,544267.81,-2445.25,9061.71,4195.27,135,14163.8,475.24,0,-0.75,117.02,-8965.916667,-28,48730.47143,39736.55476
1,Regenerative,India,930.89,136976.13,135424.58,108819.02,58749.46,41232.38,481866.53,481201.56,-664.97,888.76,3189.29,135,637.26,0.81,0,-2.88,34.52,-2438.223333,-107.52,14375.11429,11829.37095
2,Regenerative,India,1230.18,138016,134809.25,108155.95,58403.66,40999.89,481201.53,480384.75,-816.78,3699.46,2891.06,135,1012.21,1.16,0,-2.63,44.54,-2994.86,-98.18666667,18547.72857,15454.6819
3,Regenerative,India,1225.65,140377.44,134339.95,107544.79,58085.82,40784.88,480384.72,481132.88,748.16,5633.08,4069.3,135,1598.39,1.62,0,-2.33,41.8,2743.253333,-86.98666667,17406.71429,20062.98095
4,Regenerative,India,1231.75,142190.92,133865.77,106958.59,57782.98,40580.53,481132.88,481378.78,245.91,6994.6,4038.73,112.5,2033.37,1.86,0,-1.99,44.35,901.67,-74.29333333,18468.60714,19295.98381
5,Regenerative,India,1243.36,143984.34,133388.73,106392.61,57490.62,40382.94,481378.78,481639.25,260.47,7945.04,4033.83,135,2473.28,2.07,0,-1.65,46.44,955.0566667,-61.6,19338.94286,20232.39952
6,Regenerative,India,1219.04,144913.55,132783.81,105836.97,57201.93,40187.88,481639.19,480924.13,-715.06,8593.78,2919.92,135,2772.28,2.11,0,-1.31,53.04,-2621.886667,-48.90666667,22087.37143,19416.5781
7,Regenerative,India,1207.63,147323.3,132322.25,105303.18,56925.47,40000.77,480924.16,481874.97,950.81,9041.41,4080.18,135,3367.34,2.42,0,-1.01,34.26,3486.303333,-37.70666667,14266.84286,17715.43952
8,Regenerative,India,1215.93,149154.8,131855.11,104781.54,56655.86,39818.54,481874.97,482265.84,390.88,9337.57,4104.45,135,3817.87,2.6,0,-0.97,37.13,1433.226667,-36.21333333,15461.99286,16859.00619
9,Regenerative,India,1224.18,150876.41,131389.03,104270.63,56391.79,39640.11,482265.84,482567.97,302.13,9555.95,4126.92,135,4270.96,2.79,0,-0.97,37.98,1107.81,-36.21333333,15815.95714,16887.55381
10,Regenerative,India,1232.39,152511.48,130919.38,103769.57,56132.14,39464.89,482567.91,482797.47,229.56,9690.86,4109.1,135,4722.75,2.96,0,-0.97,39.01,841.72,-36.21333333,16244.87857,17050.38524
11,Regenerative,India,1240.11,153218.45,130315.45,103275.7,55875.91,39291.95,482797.41,481977.47,-819.94,9798.89,2961.58,135,5029.73,2.98,0,-0.97,50.4,-3006.446667,-36.21333333,20988,17945.34
12,Regenerative,India,1248.17,155423.91,129867.38,102791.41,55624.77,39122.32,481977.5,482829.78,852.28,9869.64,4155.85,135,5642.25,3.28,0,-0.97,38.55,3125.026667,-36.21333333,16053.32143,19142.13476
13,Regenerative,India,1255.59,156980.19,129408.3,102314.27,55377.59,38955.32,482829.75,483035.66,205.91,9915.81,4130.44,135,6100.04,3.43,0,-0.97,41.57,755.0033333,-36.21333333,17310.93571,18029.72571
14,Regenerative,India,1263.48,158443.7,128951.95,101843.76,55133.95,38790.58,483035.69,483163.94,128.25,9956,4153.18,135,6565.73,3.59,0,-0.97,42.3,470.25,-36.21333333,17614.92857,18048.96524
15,Regenerative,India,1271.47,159819.44,128491.03,101378.98,54893.01,38627.85,483163.91,483210.31,46.41,9965.95,4131.46,135,7029.43,3.73,0,-0.97,43.23,170.17,-36.21333333,18002.20714,18136.16381
16,Regenerative,India,1347.74,159721.09,127913.02,100922.04,54655.82,38467.21,483210.38,481679.19,-1531.19,9103.27,2820.03,135,7368.46,3.51,0,-0.97,46.71,-5614.363333,-36.21333333,19451.37857,13800.8019
17,Regenerative,India,1355.84,159767.69,127344.75,100470.36,54421.55,38308.24,481679.16,480312.59,-1366.56,7199.8,3014.06,135,7881.08,3.6,0,-0.97,58.13,-5010.72,-36.21333333,24206.99286,19160.05952
18,Regenerative,India,1363.9,161521.64,126929.64,100024.3,54189.94,38151.14,480312.56,480816.66,504.09,8067.21,4197.83,135,8541.38,3.85,0,-0.97,46.2,1848.33,-36.21333333,19239,21051.11667
19,Regenerative,India,1371.92,162742.06,126511.63,99583.68,53960.7,37995.79,480816.66,480793.88,-22.78,8664.78,4219.74,135,9053.25,3.98,0,-0.97,43.12,-83.52666667,-36.21333333,17956.4,17836.66
20,Regenerative,India,1379.9,163861.55,126084.98,99146.81,53734.18,37841.83,480793.88,480669.34,-124.53,9052.43,4196.01,135,9563.11,4.08,0,-0.97,46.31,-456.61,-36.21333333,19284.80714,18791.98381
1,Regenerative,Peru,533.42,54523.21,53875.63,41343.41,22000.85,15358.57,185935.55,187101.66,1166.11,723.19,2754.22,135,642.29,22.98,0,-2.12,2.6,4275.736667,-79.14666667,1082.714286,5279.304286
2,Regenerative,Peru,1095.26,55672.64,54183.15,41067.27,21816.95,15232.88,187101.66,187972.89,871.23,3036.78,2765.91,135,758.18,25.11,0,-1.98,2.58,3194.51,-73.92,1074.385714,4194.975714
3,Regenerative,Peru,1352.93,57048.85,54430.12,40800.26,21645.58,15119.75,187972.88,189044.56,1071.69,4677.9,2656.86,135,1362.09,28.6,0,-1.88,2.21,3929.53,-70.18666667,920.3071429,4779.650476
4,Regenerative,Peru,1454.92,58405.29,54638.79,40538.01,21478.59,15007.88,189044.55,190068.55,1024,5792.92,2646.66,112.5,1740.8,30.23,0,-1.77,2.07,3754.666667,-66.08,862.0071429,4550.59381
5,Regenerative,Peru,1444.58,59789.52,54829.85,40278.96,21315.54,14898.36,190068.52,191112.22,1043.7,6581.68,2664.24,135,2119.58,31.57,0,-1.67,2.3,3826.9,-62.34666667,957.7857143,4722.339048
6,Regenerative,Peru,1439.35,61112.78,55015.35,40019.25,21153.42,14788.19,191112.22,192088.98,976.77,7157.68,2779.71,135,2474.6,34.15,0,-1.57,2.86,3581.49,-58.61333333,1190.985714,4713.862381
7,Regenerative,Peru,1311.04,62535.35,55218.87,39773.49,21002.47,14688.63,192089,193218.81,1129.81,7592.51,2758.01,135,2891.86,33.43,0,-1.47,2.53,4142.636667,-54.88,1053.564286,5141.320952
8,Regenerative,Peru,1370.62,63837.5,55422.59,39526.34,20849.54,14586.27,193218.8,194222.23,1003.44,7875.38,2803.27,135,3287.46,34.61,0,-1.37,2.86,3679.28,-51.14666667,1190.985714,4819.119048
9,Regenerative,Peru,1338.47,65085.17,55636.23,39285.92,20701.69,14487.33,194222.28,195196.34,974.06,8087.76,2855.83,135,3686.52,35.44,0,-1.28,3.07,3571.553333,-47.78666667,1278.435714,4802.202381
10,Regenerative,Peru,1210.09,66279.81,55853.6,39049.53,20557.11,14390.44,195196.36,196130.48,934.13,8249.76,2907.27,135,4089.9,36.14,0,-1.19,3.27,3425.143333,-44.42666667,1361.721429,4742.438095
11,Regenerative,Peru,1122.1,67323.42,55998.56,38803.45,20411.23,14290.53,196130.48,196827.2,696.72,8407.82,2913.24,135,3195.46,30.35,0,-1.1,4.12,2554.64,-41.06666667,1715.685714,4229.259048
12,Regenerative,Peru,802.81,68559.54,56225.15,38578.45,20276.45,14202.15,196827.22,197841.73,1014.52,8578.36,3014.22,135,3441.95,29.41,0,-1.02,3.67,3719.906667,-38.08,1528.292857,5210.119524
13,Regenerative,Peru,984.99,69644.09,56451.49,38350.88,20137.86,14109.34,197841.73,198693.66,851.92,8636.46,3043.71,135,3787.07,30.06,0,-0.93,4.07,3123.706667,-34.72,1694.864286,4783.850952
14,Regenerative,Peru,936.19,70719.03,56680.94,38127.52,20003.38,14019.29,198693.66,199550.16,856.5,8691.9,3069.38,135,4080.77,30.29,0,-0.89,4.32,3140.5,-33.22666667,1798.971429,4906.244762
15,Regenerative,Peru,827.27,71701.97,56911.89,37907.25,19871.19,13930.72,199550.19,200323.02,772.83,8744.46,3110.14,135,4314.8,30.52,0,-0.89,4.51,2833.71,-33.22666667,1878.092857,4678.57619
16,Regenerative,Peru,0,71588.9,56785.12,37661.77,19745.21,13844.83,200323.02,199625.83,-697.19,8008.62,2025.41,135,3967.05,26.85,0,-0.92,4.86,-2556.363333,-34.34666667,2023.842857,-566.8671429
17,Regenerative,Peru,0,71872.79,56857.76,37435.65,19619.18,13760.77,199625.83,199546.16,-79.67,6423.86,3002,135,4177.16,28.86,0,-0.92,6.9,-292.1233333,-34.34666667,2873.357143,2546.887143
18,Regenerative,Peru,0,72943.59,57173.27,37245.51,19502.44,13685.44,199546.16,200550.27,1004.11,7401.9,3429.72,135,4531.98,30.35,0,-0.92,5.09,3681.736667,-34.34666667,2119.621429,5767.011429
19,Regenerative,Peru,0,73746.32,57447.58,37050.95,19382.77,13605.56,200550.25,201233.17,682.92,7916.33,3311.67,112.5,4750.76,29.87,0,-0.92,4.94,2504.04,-34.34666667,2057.157143,4526.850476
20,Regenerative,Peru,0,74582.32,57717.66,36856.26,19264.22,13526.43,201233.16,201946.89,713.73,8282.31,3322.43,135,4993.61,30.15,0,-0.92,5.22,2617.01,-34.34666667,2173.757143,4756.420476
1,Climate,China,98.68,7566.79,6881.12,5810.91,3372.64,2998.87,25340.18,26630.33,1290.15,553.84,929.67,135,213.07,4.6,0,0,0.29,4730.55,0,120.7642857,4851.314286
2,Climate,China,5463.39,9010.75,7043.82,5795.28,3354.29,2985.01,26630.33,28189.14,1558.81,2616.35,689.97,135,336.06,12.63,0,0,0.13,5715.636667,0,54.13571429,5769.772381
3,Climate,China,5005.34,10521.82,7130.18,5773.44,3336.7,2971.23,28189.14,29733.38,1544.24,4402.92,453.08,135,511.46,10.03,0,0,0.16,5662.213333,0,66.62857143,5728.841905
4,Climate,China,5142.44,11604.93,7218.25,5752.2,3320.38,2959.02,29733.38,30854.78,1121.4,4637.66,466.34,112.5,733.54,11.41,0,0,0.15,4111.8,0,62.46428571,4174.264286
5,Climate,China,5254.71,12553.07,7300.46,5730.38,3304.27,2946.63,30854.78,31834.81,980.03,4790.12,473.11,135,968.23,13.71,0,-0.02,0.19,3593.443333,-0.746666667,79.12142857,3671.818095
6,Climate,China,5880.41,13835.17,7452.67,5713.93,3287.48,2934.19,31834.8,33223.44,1388.64,5345.62,709.6,135,1246.06,23.91,0,-0.05,0.21,5091.68,-1.866666667,87.45,5177.263333
7,Climate,China,5527.86,15129.9,7528.25,5692.1,3271.55,2921.78,33223.45,34543.57,1320.13,6348.45,488.03,135,1482.61,17.16,0,-0.09,0.23,4840.476667,-3.36,95.77857143,4932.895238
8,Climate,China,5719.74,15998.03,7606.3,5670.92,3256.3,2910.02,34543.57,35441.56,897.99,6029.56,507.54,135,1764.48,19.54,0,-0.12,0.28,3292.63,-4.48,116.6,3404.75
9,Climate,China,5732.3,16743.23,7684.14,5650.3,3241.42,2898.47,35441.56,36217.56,776,5789.27,520.81,135,2054.23,21.03,0,-0.14,0.32,2845.333333,-5.226666667,133.2571429,2973.36381
10,Climate,China,5844.05,17431.21,7754.45,5629.45,3226.75,2886.97,36217.56,36928.83,711.27,5639.53,513.71,135,2343.12,22.36,0.01,-0.15,0.36,2607.99,-5.6,149.9142857,2752.304286
11,Climate,China,6669.35,18522.17,7913.42,5616.07,3211.33,2875.2,36928.82,38138.19,1209.37,6019.31,800.95,135,2672.81,34.5,0.01,-0.16,0.37,4434.356667,-5.973333333,154.0785714,4582.461905
12,Climate,China,5988.36,19624.86,7972.88,5595.29,3197.05,2863.97,38138.19,39254.06,1115.87,6937.98,506.5,135,2933.92,24.14,0.02,-0.2,0.37,4091.523333,-7.466666667,154.0785714,4238.135238
13,Climate,China,5990.93,20310.22,8030.92,5574.62,3183.28,2853.05,39254.05,39952.09,698.03,6478.4,518.46,135,3234.42,25.44,0.02,-0.21,0.43,2559.443333,-7.84,179.0642857,2730.667619
14,Climate,China,6068.78,20869.39,8083.94,5554.12,3169.8,2842.34,39952.09,40519.59,567.5,6140.37,523.67,135,3533.94,25.78,0.03,-0.22,0.47,2080.833333,-8.213333333,195.7214286,2268.341429
15,Climate,China,6132.3,21376.44,8131.53,5533.62,3156.54,2831.81,40519.59,41029.93,510.35,5898.61,528.83,135,3836.38,26.53,0.03,-0.23,0.5,1871.283333,-8.586666667,208.2142857,2070.910952
16,Climate,China,5786.27,21196.03,8007.28,5494.37,3141.31,2817.6,41029.93,40656.58,-373.36,5265.07,25.52,135,4094.94,34.41,0.04,-0.22,0.66,-1368.986667,-8.213333333,274.8428571,-1102.357143
17,Climate,China,7270.42,21752.21,8159.52,5485.11,3128.76,2809.96,40656.58,41335.57,678.99,4576.24,871.19,135,4488.29,43.68,0.04,-0.21,0.56,2489.63,-7.84,233.2,2714.99
18,Climate,China,5233.77,22497.98,8134.86,5459.59,3116.12,2799.79,41335.56,42008.34,672.78,5876.77,348.37,135,4824.35,24.93,0.04,-0.25,0.55,2466.86,-9.333333333,229.0357143,2686.562381
19,Climate,China,5237.6,22884.15,8111.4,5434.32,3103.95,2790.03,42008.34,42323.85,315.52,5531.3,353.39,112.5,5167.36,25.37,0.05,-0.26,0.4,1156.906667,-9.706666667,166.5714286,1313.771429
20,Climate,China,5281.02,23233.86,8084.42,5409.17,3091.85,2780.42,42323.86,42599.72,275.87,5311.92,354.9,135,5510.18,26.72,0.05,-0.26,0.58,1011.523333,-9.706666667,241.5285714,1243.345238
1,Climate,Peru,289.53,53960.06,53521.7,41388.62,22058.39,15397.69,185935.55,186326.45,390.91,561.35,1266.78,135,327.52,1.39,0,-1.76,1.82,1433.336667,-65.70666667,757.9,2125.53
2,Climate,Peru,6356.94,54946.51,53400.96,41137.54,21923.2,15311.33,186326.44,186719.55,393.11,2641.44,915.98,135,542.99,3.24,0,-1.58,1.64,1441.403333,-58.98666667,682.9428571,2065.359524
3,Climate,Peru,5665.17,56154.39,53191.16,40891.95,21796.34,15229.28,186719.53,187263.13,543.59,4448.56,688.85,135,826.54,2.46,0,-1.58,1.59,1993.163333,-58.98666667,662.1214286,2596.298095
4,Climate,Peru,5650.49,57053.64,52983.65,40656.08,21675.01,15151.05,187263.11,187519.44,256.33,4748.17,690.71,112.5,1151.58,2.74,0,-1.53,1.33,939.8766667,-57.12,553.85,1436.606667
5,Climate,Peru,5679.17,57866.75,52779.16,40428.22,21557.94,15075.5,187519.41,187707.56,188.16,4909.36,703.53,135,1482.95,3.16,0,-1.49,1.65,689.92,-55.62666667,687.1071429,1321.400476
6,Climate,Peru,6519.62,59006.73,52636.18,40204.25,21438,14998.99,187707.58,188284.16,576.58,5430.63,933.27,135,1843.28,5.51,0,-1.34,1.66,2114.126667,-50.02666667,691.2714286,2755.371429
7,Climate,Peru,5705.4,60176.49,52433.52,39990.21,21328.77,14928.51,188284.16,188857.5,573.34,6410.44,731.2,135,2151.62,3.64,0,-1.4,1.41,2102.246667,-52.26666667,587.1642857,2637.144286
8,Climate,Peru,5747.34,60976.52,52238.67,39781.65,21222.38,14859.59,188857.5,189078.83,221.33,6108.89,761.42,135,2492.14,4.05,0,-1.34,1.74,811.5433333,-50.02666667,724.5857143,1486.102381
9,Climate,Peru,5723.94,61668.17,52050.05,39579.47,21119.19,14792.76,189078.8,189209.64,130.84,5905.13,784.69,135,2832.41,4.28,0,-1.31,1.82,479.7466667,-48.90666667,757.9,1188.74
10,Climate,Peru,5720.48,62290.79,51863.16,39381.96,21018.45,14727.58,189209.63,189281.95,72.33,5742.89,801.33,135,3173.81,4.56,0,-1.28,1.89,265.21,-47.78666667,787.05,1004.473333
11,Climate,Peru,6460.62,63220.58,51727.77,39185.88,20913.41,14660.29,189281.95,189707.94,425.98,6036.59,999.47,135,3535.6,7.03,0,-1.1,1.95,1561.926667,-41.06666667,812.0357143,2332.895714
12,Climate,Peru,5730.1,64239.16,51546.14,38997.46,20817.86,14598.54,189707.95,190199.16,491.2,6851.86,839.51,135,3858.04,4.91,0,-1.2,1.73,1801.066667,-44.8,720.4214286,2476.688095
13,Climate,Peru,5690.5,64842.07,51358.1,38811.64,20723.54,14537.22,190199.14,190272.56,73.42,6399.4,828.21,135,4198.24,5.25,0,-1.17,2.08,269.2066667,-43.68,866.1714286,1091.698095
14,Climate,Peru,5758.6,65356.63,51181.83,38630.98,20631.42,14477.37,190272.58,190278.23,5.66,6076.59,861.48,135,4543.97,5.39,0,-1.17,2.2,20.75333333,-43.68,916.1428571,893.2161905
15,Climate,Peru,5764.29,65828.68,51011.11,38453.45,20540.83,14418.5,190278.22,190252.58,-25.64,5872.15,882.7,135,4888.99,5.69,0,-1.12,2.41,-94.01333333,-41.81333333,1003.592857,867.7661905
16,Climate,Peru,5755.85,65652.71,50707.77,38260.89,20447.14,14355.86,190252.59,189424.36,-828.23,5254.39,464.68,135,5162.16,7.44,0,-0.94,2.39,-3036.843333,-35.09333333,995.2642857,-2076.672381
17,Climate,Peru,6334.19,66002.03,50616.96,38092.34,20356.29,14298.67,189424.36,189366.28,-58.08,4537.02,1084.98,135,5575.18,7.62,0,-0.98,3.21,-212.96,-36.58666667,1336.735714,1087.189048
18,Climate,Peru,5781.27,66832.67,50482.48,37929.18,20272.66,14244.12,189366.27,189761.11,394.84,5826.02,948.28,135,5898.09,5.28,0,-1.12,2.73,1447.746667,-41.81333333,1136.85,2542.783333
19,Climate,Peru,5845.15,67321.48,50339.27,37767.22,20189.79,14189.75,189761.11,189807.52,46.41,5686.22,932.79,112.5,6232.97,5.33,0,-1.1,2.26,170.17,-41.06666667,941.1285714,1070.231905
20,Climate,Peru,5878.75,67761.84,50189.32,37606.67,20107.77,14136.01,189807.52,189801.61,-5.91,5610.05,923.46,135,6569.71,5.58,0,-1.1,2.52,-21.67,-41.06666667,1049.4,986.6633333
1,Climate,Texas,1029.69,173516.84,173708.61,134611.5,71759.9,50073.07,606504,603669.94,-2834.06,379.55,2812.17,135,590.27,2.2,0,-2.94,10.78,-10391.55333,-109.76,4489.1,-6012.213333
2,Climate,Texas,5456.75,172417.58,172550.22,133503.09,71202.58,49712.2,603669.88,599385.69,-4284.19,1626.74,1516.86,135,662.28,2.48,0,-2.81,24.76,-15708.69667,-104.9066667,10310.77143,-5502.831905
3,Climate,Texas,4962.58,172315.91,171650.88,132493.39,70669.16,49364.99,599385.56,596494.31,-2891.25,2453.13,2228.38,135,1071.11,2.87,0,-2.77,22.49,-10601.25,-103.4133333,9365.478571,-1339.184762
4,Climate,Texas,4977.84,171947.33,170768.88,131542.5,70167.28,49034.24,596494.25,593460.25,-3034,2669.69,2271.05,112.5,1380.13,3.05,0,-2.74,19.63,-11124.66667,-102.2933333,8174.492857,-3052.467143
5,Climate,Texas,4995.2,171521.41,169894.09,130636.82,69691.2,48719,593460.25,590462.5,-2997.75,2835.51,2252.31,135,1687.34,3.57,0,-2.68,19.12,-10991.75,-100.0533333,7962.114286,-3129.689048
6,Climate,Texas,5573.25,170819.47,168798.92,129726.66,69226.58,48411.83,590462.56,586983.44,-3479.13,3137.09,1602.66,135,1900.32,4.08,0,-2.62,22.18,-12756.81,-97.81333333,9236.385714,-3618.237619
7,Climate,Texas,5029.32,170894.16,168010.75,128908.76,68792.35,48123.71,586983.5,584729.75,-2253.75,3600.45,2278.09,135,2327.83,4.15,0,-2.6,17.88,-8263.75,-97.06666667,7445.742857,-915.0738095
8,Climate,Texas,5052.28,170604.61,167231.31,128121.92,68376.47,47844.9,584729.63,582179.19,-2550.44,3502.84,2289.89,135,2652.76,4.56,0,-2.58,17.43,-9351.613333,-96.32,7258.35,-2189.583333
9,Climate,Texas,5063.08,170245.94,166471.84,127364.69,67976.08,47576.49,582179.19,579635.06,-2544.13,3445.87,2292.76,135,2977.47,4.82,0,-2.54,16.35,-9328.476667,-94.82666667,6808.607143,-2614.69619
10,Climate,Texas,5083.82,169874.2,165726.56,126635.63,67589.44,47317.23,579635.06,577143.06,-2492,3417.94,2292.92,135,3303.12,5.07,0,-2.52,15.47,-9137.333333,-94.08,6442.15,-2789.263333
11,Climate,Texas,5714.69,169224.38,164768.53,125890.55,67206.41,47060.78,577143,574150.63,-2992.38,3584.8,1660.45,135,3529.43,5.91,0,-2.46,17.77,-10972.06,-91.84,7399.935714,-3663.964286
12,Climate,Texas,5163.32,169351.11,164105.73,125213.66,66845.47,46818.15,574150.63,572334.13,-1816.5,3971.29,2339.01,135,3965.78,5.61,0,-2.46,14.19,-6660.5,-91.84,5909.121429,-843.2185714
13,Climate,Texas,5173.85,169097.88,163447.36,124556.22,66493.23,46580.81,572334.19,570175.5,-2158.69,3813.22,2355.54,135,4298.84,6.04,0,-2.43,13.91,-7915.196667,-90.72,5792.521429,-2213.395238
14,Climate,Texas,5216.14,168760.38,162797,123917.95,66151.25,46350.05,570175.5,567976.63,-2198.88,3694.45,2353.01,135,4631.16,6.31,0,-2.41,13.26,-8062.56,-89.97333333,5521.842857,-2630.690476
15,Climate,Texas,5259.63,168422.33,162166.11,123297.88,65818.06,46124.99,567976.56,565829.38,-2147.19,3621.73,2376.37,135,4966.97,6.61,0,-2.39,12.79,-7873.03,-89.22666667,5326.121429,-2636.135238
16,Climate,Texas,5804.61,167898.08,161594.33,122687.86,65485.24,45899.03,565829.44,563564.56,-2264.88,3268.9,2527.15,135,5310.77,7.62,0,-2.28,12.72,-8304.56,-85.12,5296.971429,-3092.708571
17,Climate,Texas,5862.26,166880.56,160771.08,122071.71,65170.04,45686.84,563564.56,560580.25,-2984.31,2754.8,1727.16,135,5491.15,6.84,0,-2.41,15.17,-10942.47,-89.97333333,6317.221429,-4715.221905
18,Climate,Texas,5371.74,166954.09,160226.94,121509.2,64867.63,45482.5,560580.31,559040.38,-1539.94,3427.48,2410.79,135,5911.22,6.61,0,-2.42,12.07,-5646.446667,-90.34666667,5026.292857,-710.5004762
19,Climate,Texas,5393,166758.69,159679.59,120952.69,64569.17,45280.48,559040.31,557240.63,-1799.69,3544.44,2436.49,112.5,6230.01,6.93,0,-2.36,10.77,-6598.863333,-88.10666667,4484.935714,-2202.034286
20,Climate,Texas,5458.91,166594.03,159124.88,120405.92,64276.53,45082.18,557240.56,555483.56,-1757,3820.81,2421.38,135,6545.06,7.49,0,-2.33,11.35,-6442.333333,-86.98666667,4726.464286,-1802.855714
1,Climate,India,412.47,136155.88,135594.94,109063.24,58895.9,41361.41,481866.53,481071.38,-795.16,514.82,1566.92,135,425.91,0.17,0,-2.17,1.88,-2915.586667,-81.01333333,782.8857143,-2213.714286
2,Climate,India,5545.66,136692.45,135043.5,108577.74,58648.68,41199.59,481071.31,480161.97,-909.34,2414.92,1146.42,135,702.47,0.38,0,-1.93,1.94,-3334.246667,-72.05333333,807.8714286,-2598.428571
3,Climate,India,5354,137716,134504.7,108109.18,58416.74,41049.45,480162.03,479796.06,-365.97,4018.37,1175.43,135,1080.95,0.28,0,-1.95,1.98,-1341.89,-72.8,824.5285714,-590.1614286
4,Climate,India,5426.79,138385.56,133983.42,107659.98,58193.83,40904.47,479796.06,479127.25,-668.81,4198.51,1181.36,112.5,1459.13,0.3,0,-1.85,1.42,-2452.303333,-69.06666667,591.3285714,-1930.041429
5,Climate,India,5422.96,139025.05,133478.88,107227.54,57978.8,40764.24,479127.22,478474.5,-652.72,4318.02,1218.33,135,1844.69,0.34,0,-1.81,2.02,-2393.306667,-67.57333333,841.1857143,-1619.694286
6,Climate,India,5707.12,139877.16,132978.84,106797,57762.58,40622.38,478474.5,478037.97,-436.53,4790,1229.72,135,2217.36,0.62,0,-1.51,2.02,-1600.61,-56.37333333,841.1857143,-815.797619
7,Climate,India,5552.35,140982.84,132500.75,106392.71,57562.18,40491.96,478037.94,477930.44,-107.5,5730.22,1226.17,135,2619,0.39,0,-1.62,1.58,-394.1666667,-60.48,657.9571429,203.3104762
8,Climate,India,5555.67,141708.05,132030.66,105997.23,57365.52,40363.18,477930.44,477464.63,-465.81,5450.68,1233.4,135,3012.67,0.42,0,-1.56,2.07,-1707.97,-58.24,862.0071429,-904.2028571
9,Climate,India,5546.36,142358.2,131570.72,105612.3,57174.04,40237.84,477464.66,476953.09,-511.56,5284.56,1240.54,135,3408.26,0.44,0,-1.48,2.11,-1875.72,-55.25333333,878.6642857,-1052.309048
10,Climate,India,5590.93,142956.53,131119.06,105236.5,56986.88,40115.27,476953.09,476414.25,-538.84,5128.94,1238.65,135,3804.82,0.46,0,-1.42,2.11,-1975.746667,-53.01333333,878.6642857,-1150.095714
11,Climate,India,5909.72,143814.66,130666.48,104856.11,56795.04,39988.99,476414.25,476121.28,-292.97,5396.19,1255.58,135,4193.21,0.8,0,-1.07,2.06,-1074.223333,-39.94666667,857.8428571,-256.3271429
12,Climate,India,5705.48,144863.48,130233.13,104496.8,56616.51,39872.81,476121.25,476082.75,-38.5,6200.85,1255.31,135,4606.11,0.5,0,-1.35,1.63,-141.1666667,-50.4,678.7785714,487.2119048
13,Climate,India,5711.94,145438.05,129802.07,104141.73,56438.88,39756.5,476082.75,475577.22,-505.53,5734.1,1251.96,135,5006.82,0.53,0,-1.35,2.1,-1853.61,-50.4,874.5,-1029.51
14,Climate,India,5742.68,145916.97,129379.3,103793.12,56264.77,39642.59,475577.19,474996.75,-580.44,5417.5,1273.58,135,5413.07,0.56,0,-1.34,2.15,-2128.28,-50.02666667,895.3214286,-1282.985238
15,Climate,India,5778.2,146353.03,128963.06,103449.6,56093.31,39530.13,474996.75,474389.13,-607.63,5201.65,1282.63,135,5818.95,0.58,0,-1.35,2.19,-2227.976667,-50.4,911.9785714,-1366.398095
16,Climate,India,5187.97,146180.97,128514.8,103102.16,55916.77,39410.95,474389.16,473125.66,-1263.5,4626.46,928.53,135,6160.97,0.94,0,-1.12,2.27,-4632.833333,-41.81333333,945.2928571,-3729.35381
17,Climate,India,6179.63,146568,128114.52,102761.98,55745.64,39299.8,473125.66,472489.94,-635.72,4062.78,1364.37,135,6596.99,0.89,0,-1.15,2.29,-2330.973333,-42.93333333,953.6214286,-1420.285238
18,Climate,India,5923.04,147480.63,127727.5,102437.45,55584.52,39194.61,472489.94,472424.69,-65.25,5357.75,1350.98,135,7003.47,0.55,0,-1.42,2.24,-239.25,-53.01333333,932.8,640.5366667
19,Climate,India,5907.74,147983.19,127342.13,102117.1,55424.39,39089.15,472424.69,471955.97,-468.72,5203.98,1341.29,135,7399.26,0.55,0,-1.45,1.66,-1718.64,-54.13333333,691.2714286,-1081.501905
20,Climate,India,6028.39,148406.2,126959.37,101799.95,55265.54,38984.57,471955.94,471415.63,-540.31,5106.87,1341.64,135,7797.54,0.58,0,-1.43,2.24,-1981.136667,-53.38666667,932.8,-1101.723333
1,Tillage,India,930.89,120445.27,121264.31,121319,85501.67,41232.38,481866.53,489762.63,7896.09,10106.81,3189.29,135,637.26,2.43,0,-2.92,40.43,28952.33,-109.0133333,16836.20714,45679.52381
2,Tillage,India,1505.08,120988.37,122096.22,122157.78,85776.7,41000.16,489762.66,492019.22,2256.56,10000.11,2891.06,135,998.58,2.83,0,-3.45,47.72,8274.053333,-128.8,19871.97143,28017.22476
3,Tillage,India,1497.22,121954.47,122985.09,123042.25,86083.79,40781.99,492019.22,494847.59,2828.38,10065.74,4069.18,135,1562.74,3.51,0,-3.44,44.23,10370.72667,-128.4266667,18418.63571,28660.93571
4,Tillage,India,1491.7,122474.34,123568.98,123626.38,86248.35,40576.66,494847.56,496494.69,1647.13,9997.77,4094.61,112.5,1982.12,3.83,0,-3.43,40.87,6039.476667,-128.0533333,17019.43571,22930.85905
5,Tillage,India,1492.21,122818.3,123951.26,124008.88,86317.53,40378.81,496494.72,497474.78,980.06,10010.82,4031.38,135,2395.44,4.05,0,-3.42,39.69,3593.553333,-127.68,16528.05,19993.92333
6,Tillage,India,1496.34,122659.25,123851.66,123910.82,86149.23,40185.25,497474.81,496756.19,-718.63,10087.78,2919.92,135,2674.59,4.02,0,-3.41,47.02,-2634.976667,-127.3066667,19580.47143,16818.1881
7,Tillage,India,1507.84,123048.97,124208.81,124267.48,86211.86,39998.74,496756.19,497735.84,979.66,10064.83,4080.12,135,3250.08,4.42,0,-3.41,37.97,3592.086667,-127.3066667,15811.79286,19276.57286
8,Tillage,India,1512.53,123262.68,124447.29,124506.14,86219.09,39817,497735.81,498252.19,516.38,10059.35,4104.38,135,3681.22,4.62,0,-3.41,40.47,1893.393333,-127.3066667,16852.86429,18618.95095
9,Tillage,India,1518.53,123394.48,124595.93,124654.73,86183.45,39639.08,498252.22,498467.66,215.44,9962.38,4128.37,135,4115.26,4.8,0,-3.4,40.65,789.9466667,-126.9333333,16927.82143,17590.83476
10,Tillage,India,1525.84,123501.45,124718.24,124777.52,86136.92,39464.37,498467.59,498598.5,130.91,10038.7,4109.04,135,4547.63,4.98,0,-3.4,41.03,480.0033333,-126.9333333,17086.06429,17439.13429
11,Tillage,India,1533.58,123102.27,124395.73,124457.44,85870.95,39292.3,498598.53,497118.69,-1479.84,10043.26,2961.58,135,4835.27,4.87,0,-3.4,49.05,-5426.08,-126.9333333,20425.82143,14872.8081
12,Tillage,India,1547.76,123410.68,124625.89,124686.11,85880.09,39123.13,497118.69,497725.91,607.22,10102.22,4155.79,135,5427.75,5.27,0,-3.4,40.88,2226.473333,-126.9333333,17023.6,19123.14
13,Tillage,India,1553.86,123485.03,124712.05,124771.6,85820.53,38956.56,497725.91,497745.78,19.88,9947.11,4130.31,135,5865.64,5.4,0,-3.4,41.59,72.89333333,-126.9333333,17319.26429,17265.22429
14,Tillage,India,1561.41,123542.61,124782.91,124842.85,85754.84,38792.25,497745.88,497715.47,-30.41,9986.22,4153.11,135,6311.85,5.56,0,-3.39,41.72,-111.5033333,-126.56,17373.4,17135.33667
15,Tillage,India,1569.35,123578.6,124829.52,124889.85,85678.08,38629.94,497715.53,497606,-109.53,10050.63,4131.4,135,6756.09,5.7,0,-3.39,41.94,-401.61,-126.56,17465.01429,16936.84429
16,Tillage,India,1610.16,120851.91,121752.38,121771.71,84019.45,38469.63,497606.03,486865.09,-10740.94,0,2820.03,135,7085,4.48,0,-3.4,41.98,-39383.44667,-126.9333333,17481.67143,-22028.70857
17,Tillage,India,1660.18,121261.84,122592.49,122658.82,84367.19,38311.09,486865.13,489191.44,2326.31,10024.13,3014.06,135,7577.35,5.09,0,-3.43,52.11,8529.803333,-128.0533333,21700.09286,30101.84286
18,Tillage,India,1660.09,121964.66,123173.03,123234.85,84558.06,38154.25,489191.41,491084.84,1893.44,10079.03,4197.76,135,8210.31,5.66,0,-3.42,49.38,6942.613333,-127.68,20563.24286,27378.17619
19,Tillage,India,1659.29,122271.91,123476.23,123536.28,84612.06,37999.16,491084.84,491895.63,810.78,9947.76,4219.6,135,8695.9,5.9,0,-3.42,43.7,2972.86,-127.68,18197.92857,21043.10857
20,Tillage,India,1663.08,122456.36,123683.45,123743.63,84621.23,37845.5,491895.66,492350.16,454.5,10039.74,4195.95,135,9179.71,6.03,0,-3.41,41.94,1666.5,-127.3066667,17465.01429,19004.20762
1,Manuresub,India,912.64,136853.45,135421.72,108819.09,58749.59,41232.39,481866.53,481076.22,-790.31,887.63,3159.13,0,633.48,0.8,0,-2.88,47.16,-2897.803333,-107.52,19638.77143,16633.4481
2,Manuresub,India,1230.35,137814.09,134801.09,108154.23,58403.74,40999.89,481076.22,480173.03,-903.19,3695.86,2891.06,0,1012.22,1.16,0,-2.66,57.73,-3311.696667,-99.30666667,24040.42143,20629.4181
3,Manuresub,India,1222.94,140081.64,134326.59,107542.82,58085.06,40784.59,480173,480820.72,647.72,5621.6,4069.24,0,1598.54,1.62,0,-2.37,49.81,2374.973333,-88.48,20742.30714,23028.80048
4,Manuresub,India,1234.48,141833.58,133852.81,106956.56,57782.09,40579.79,480820.75,481004.81,184.06,6950.54,4079.86,0,2038.35,1.87,0,-2.05,51.84,674.8866667,-76.53333333,21587.65714,22186.01048
5,Manuresub,India,1243.25,143511.55,133375.03,106390.53,57489.71,40382.02,481004.84,481148.84,144,7875.38,4043.08,0,2474.95,2.07,0,-1.72,55.83,528,-64.21333333,23249.20714,23712.99381
6,Manuresub,India,1229.07,144346.66,132769.63,105834.88,57201.18,40187.16,481148.78,480339.5,-809.28,8533.51,2919.92,0,2772.73,2.11,0,-1.4,67.63,-2967.36,-52.26666667,28163.06429,25143.43762
7,Manuresub,India,1207.63,146677,132306.72,105301.4,56924.66,40000.14,480339.5,481209.94,870.44,9001.1,4080.18,0,3367.93,2.42,0,-1.09,44.75,3191.613333,-40.69333333,18635.17857,21786.09857
8,Manuresub,India,1215.93,148424.81,131838.91,104779.98,56655.16,39817.87,481209.94,481516.72,306.78,9300.98,4104.38,0,3818.74,2.6,0,-0.97,46.39,1124.86,-36.21333333,19318.12143,20406.7681
9,Manuresub,India,1224.18,150063.16,131372.75,104269.32,56391.19,39639.47,481516.72,481735.88,219.16,9500.5,4128.43,0,4272.05,2.79,0,-0.97,47.33,803.5866667,-36.21333333,19709.56429,20476.93762
10,Manuresub,India,1232.26,151626.7,130902.52,103768.46,56131.63,39464.31,481735.78,481893.63,157.84,9655.26,4109.1,0,4723.47,2.96,0,-0.97,48.41,578.7466667,-36.21333333,20159.30714,20701.84048
11,Manuresub,India,1240.32,152266.97,130299.38,103274.73,55875.51,39291.49,481893.59,481008.06,-885.53,9777.86,2961.58,0,5030.42,2.97,0,-0.97,63.68,-3246.943333,-36.21333333,26518.17143,23235.01476
12,Manuresub,India,1247.72,154408.75,129850.53,102790.58,55624.39,39121.92,481008.06,481796.19,788.13,9856.6,4155.85,0,5642.83,3.28,0,-0.97,48.04,2889.81,-36.21333333,20005.22857,22858.82524
13,Manuresub,India,1255.61,155902.75,129393.3,102313.55,55377.26,38954.94,481796.13,481941.81,145.69,9910.62,4130.44,0,6100.52,3.43,0,-0.97,51.19,534.1966667,-36.21333333,21316.97857,21814.9619
14,Manuresub,India,1263.48,157304.81,128937.3,101843.13,55133.67,38790.24,481941.88,482009.16,67.28,9952.4,4153.18,0,6566.24,3.58,0,-0.97,51.94,246.6933333,-36.21333333,21629.3,21839.78
15,Manuresub,India,1271.47,158620.8,128478.48,101378.45,54892.77,38627.56,482009.19,481998.06,-11.13,9963.45,4131.46,0,7029.91,3.73,0,-0.97,52.92,-40.81,-36.21333333,22037.4,21960.37667
16,Manuresub,India,1347.74,158463.88,127903.33,100921.57,54655.62,38466.95,481998.06,480411.34,-1586.72,9101.55,2820.03,0,7369.05,3.51,0,-0.97,56.19,-5817.973333,-36.21333333,23399.12143,17544.93476
17,Manuresub,India,1355.84,158451.69,127335.02,100469.96,54421.38,38308.02,480411.28,478986.06,-1425.22,7198.6,3014.06,0,7881.48,3.6,0,-0.97,72.72,-5225.806667,-36.21333333,30282.68571,25020.66571
18,Manuresub,India,1363.9,160148.7,126917.08,100023.95,54189.79,38150.94,478986.06,479430.47,444.41,8066.38,4197.83,0,8541.68,3.85,0,-0.97,56.48,1629.503333,-36.21333333,23519.88571,25113.17571
19,Manuresub,India,1371.92,161314.28,126500.05,99583.35,53960.56,37995.61,479430.44,479353.88,-76.56,8664.19,4219.74,0,9053.81,3.98,0,-0.97,54.19,-280.72,-36.21333333,22566.26429,22249.33095
20,Manuresub,India,1379.9,162378.7,126077.07,99146.52,53734.05,37841.67,479353.84,479178.03,-175.81,9052.03,4196.01,0,9563.88,4.08,0,-0.97,56.32,-644.6366667,-36.21333333,23453.25714,22772.40714
1,Monocrop,India,1469.74,135059.53,135136.83,108741.6,58712.63,41206.5,481866.53,478857.09,-3009.44,0,1144.96,135,147.55,0.49,0,-2.94,49.82,-11034.61333,-109.76,20746.47143,9602.098095
2,Monocrop,India,0,133594.88,134240.02,108077.91,58369.98,40974.48,478857.06,475257.25,-3599.81,0,0,135,0,0.38,0,-2.94,113.78,-13199.30333,-109.76,47381.24286,34072.17952
3,Monocrop,India,1454.92,133675.39,133520.03,107453.61,58046.17,40755.3,475257.25,473450.5,-1806.75,0,1160.14,135,149.5,0.44,0,-2.95,74.19,-6624.75,-110.1333333,30894.83571,24159.95238
4,Monocrop,India,1429.82,133195.34,132823.69,106859.91,57737.63,40545.85,473450.56,471162.41,-2288.16,0,1167.66,112.5,150.47,0.42,0,-2.94,68.71,-8389.92,-109.76,28612.80714,20113.12714
5,Monocrop,India,1473.72,132645.11,132143.95,106290.41,57441.83,40344.68,471162.38,468865.97,-2296.41,0,1128.72,135,146.04,0.4,0,-2.95,68.16,-8420.17,-110.1333333,28383.77143,19853.4681
6,Monocrop,India,0,131253.56,131368.88,105738.95,57155.74,40150.21,468865.97,465667.34,-3198.63,0,0,135,0,0.33,0,-2.95,114.23,-11728.31,-110.1333333,47568.63571,35730.19238
7,Monocrop,India,1457.09,131347.33,130744.51,105203.91,56877.27,39961.21,465667.34,464134.22,-1533.13,0,1142.93,135,147.88,0.38,0,-2.96,70.89,-5621.476667,-110.5066667,29520.62143,23788.6381
8,Monocrop,India,1466.07,130900.65,130125.03,104681.57,56605.79,39776.62,464134.22,462089.66,-2044.56,0,1149.97,135,148.79,0.37,0,-2.96,68.68,-7496.72,-110.5066667,28600.31429,20993.08762
9,Monocrop,India,1474.99,130400.44,129513.17,104169.73,56340.11,39596.02,462089.66,460019.47,-2070.19,0,1156.97,135,149.7,0.37,0,-2.96,66.99,-7590.696667,-110.5066667,27896.55,20195.34667
10,Monocrop,India,1448.04,129898.79,128909.13,103667.73,56078.84,39418.77,460019.47,457973.25,-2046.22,0,1163.93,135,150.6,0.37,0,-2.96,66.5,-7502.806667,-110.5066667,27692.5,20079.18667
11,Monocrop,India,0,128508.97,128195.58,103174.44,55822.2,39244.45,457973.19,454945.63,-3027.56,0,0,135,0,0.3,0,-2.96,112.81,-11101.05333,-110.5066667,46977.30714,35765.74714
12,Monocrop,India,1465.19,128649.78,127626.7,102688.14,55569.27,39072.64,454945.66,453606.53,-1339.13,0,1177.72,135,152.38,0.35,0,-2.98,69.56,-4910.143333,-111.2533333,28966.77143,23945.37476
13,Monocrop,India,1473.69,128194.22,127051.46,102208.67,55320.03,38903.33,453606.59,451677.72,-1928.88,0,1135.85,135,147.54,0.35,0,-2.97,67.74,-7072.56,-110.88,28208.87143,21025.43143
14,Monocrop,India,1482.14,127709.38,126481.55,101735.45,55074.04,38736.23,451677.66,449736.66,-1941,0,1142.36,135,148.39,0.35,0,-2.97,66.16,-7117,-110.88,27550.91429,20323.03429
15,Monocrop,India,1453.66,127224.72,125915.46,101267.56,54830.98,38571.02,449736.66,447809.75,-1926.91,0,1148.83,135,149.23,0.34,0,-2.98,65.66,-7065.336667,-111.2533333,27342.7,20166.11
16,Monocrop,India,1461.8,126742.09,125352.88,100805.2,54590.66,38407.78,447809.78,445898.59,-1911.19,0,1155.27,135,150.06,0.34,0,-2.98,65.42,-7007.696667,-111.2533333,27242.75714,20123.80714
17,Monocrop,India,0,125380.36,124680.89,100348.7,54352.91,38246.38,445898.63,443009.25,-2889.38,0,0,135,0,0.28,0,-2.99,110.33,-10594.39333,-111.6266667,45944.56429,35238.54429
18,Monocrop,India,1477.95,125535.88,124150.66,99897.02,54117.72,38086.63,443009.19,441787.91,-1221.28,0,1168.03,135,151.72,0.34,0,-3,72.03,-4478.026667,-112,29995.35,25405.32333
19,Monocrop,India,1448.25,125136.18,123617.91,99449.77,53884.96,37928.33,441787.97,440017.16,-1770.81,0,1174.36,135,152.54,0.34,0,-3,61.19,-6492.97,-112,25481.26429,18876.29429
20,Monocrop,India,1456.01,124681.14,123087.3,99006.83,53655.02,37771.6,440017.13,438201.88,-1815.25,0,1180.65,135,153.36,0.34,0,-3,64.65,-6655.916667,-112,26922.10714,20154.19048
1,Twocrops,India,999.69,136139.58,135316.67,108764.27,58726.06,41213.57,481866.53,480160.16,-1706.38,0,2800.38,135,351.75,0.71,0,-2.93,39.8,-6256.726667,-109.3866667,16573.85714,10207.74381
2,Twocrops,India,0,135017.38,134545.83,108095.01,58380.16,40979.93,480160.16,477018.31,-3141.84,0,1665.41,135,205.43,0.54,0,-2.91,65.07,-11520.08,-108.64,27097.00714,15468.28714
3,Twocrops,India,1454.92,135356.72,133952.44,107472.2,58054.77,40759.53,477018.38,475595.66,-1422.72,0,2835.49,135,356.16,0.69,0,-2.92,52.08,-5216.64,-109.0133333,21687.6,16361.94667
4,Twocrops,India,1399.14,135120.34,133369.8,106881.45,57747.55,40550.82,475595.69,473669.97,-1925.72,0,2852.87,112.5,358.35,0.67,0,-2.9,47.59,-7060.973333,-108.2666667,19817.83571,12648.59571
5,Twocrops,India,1250.23,134777.09,132786.05,106312.59,57452.11,40350.17,473669.97,471678,-1991.97,0,2781.69,135,350.95,0.65,0,-2.9,46.92,-7303.89,-108.2666667,19538.82857,12126.6719
6,Twocrops,India,0,133604.95,132077.16,105755.87,57163.72,40154.51,471678.06,468756.22,-2921.84,0,1662.46,135,206.08,0.47,0,-2.89,64.38,-10713.41333,-107.8933333,26809.67143,15988.36476
7,Twocrops,India,1457.09,133919.17,131531.02,105218.69,56883.77,39964.6,468756.25,467517.25,-1239,0,2814.82,135,355.13,0.63,0,-2.9,48.27,-4543,-108.2666667,20101.00714,15449.74048
8,Twocrops,India,1439.46,133688.52,130987.16,104695.43,56611.98,39779.85,467517.25,465762.94,-1754.31,0,2831.22,135,357.2,0.63,0,-2.89,47.71,-6432.47,-107.8933333,19867.80714,13327.44381
9,Twocrops,India,1234.25,133397.92,130447.6,104182.48,56345.9,39599.18,465762.94,463973.09,-1789.84,0,2847.52,135,359.26,0.62,0,-2.88,46.32,-6562.746667,-107.52,19288.97143,12618.70476
10,Twocrops,India,1231.4,133072.03,129907.73,103679.22,56084.16,39421.75,463973.13,462164.91,-1808.22,0,2820.49,135,356.95,0.62,0,-2.87,46.31,-6630.14,-107.1466667,19284.80714,12547.52048
11,Twocrops,India,0,131872.77,129237.01,103183.52,55826.45,39246.85,462164.88,459366.59,-2798.28,0,1665.5,135,207.47,0.44,0,-2.87,63.48,-10260.36,-107.1466667,26434.88571,16067.37905
12,Twocrops,India,1465.19,132205.72,128728.16,102695.88,55572.8,39074.6,459366.63,458277.16,-1089.47,0,2852.11,135,360.96,0.61,0,-2.88,48,-3994.723333,-107.52,19988.57143,15886.3281
13,Twocrops,India,1375.4,131939.52,128215.44,102215.58,55323.23,38905.12,458277.16,456598.88,-1678.28,0,2819.06,135,357.22,0.6,0,-2.87,46.52,-6153.693333,-107.1466667,19372.25714,13111.41714
14,Twocrops,India,1220.81,131638.34,127705.8,101741.59,55076.93,38737.88,456598.88,454900.56,-1698.31,0,2834.35,135,359.16,0.61,0,-2.87,45.95,-6227.136667,-107.1466667,19134.89286,12800.60952
15,Twocrops,India,1213.69,131303.52,127194.06,101273.02,54833.58,38572.52,454900.59,453176.69,-1723.91,0,2805.16,135,356.55,0.6,0,-2.86,45.94,-6321.003333,-106.7733333,19130.72857,12702.9519
16,Twocrops,India,1219.83,130989.49,126684.17,100810.03,54592.98,38409.14,453176.72,451485.81,-1690.91,0,2820.03,135,358.44,0.6,0,-2.86,45.97,-6200.003333,-106.7733333,19143.22143,12836.44476
17,Twocrops,India,0,129792.95,126045.13,100352.8,54354.88,38247.54,451485.94,448793.28,-2692.66,0,1673.14,135,209.43,0.42,0,-2.86,62.44,-9873.086667,-106.7733333,26001.8,16021.94
18,Twocrops,India,1477.95,130116.8,125563.98,99900.63,54119.45,38087.63,448793.28,447788.5,-1004.78,0,2849.5,135,362.19,0.6,0,-2.88,51.57,-3684.193333,-107.52,21475.22143,17683.5081
19,Twocrops,India,1279.07,129881.82,125084.1,99453.04,53886.53,37929.25,447788.5,446234.75,-1553.75,0,2864.1,135,364.05,0.6,0,-2.86,42.25,-5697.083333,-106.7733333,17594.10714,11790.25048
20,Twocrops,India,1194.15,129557.61,124600.94,99009.8,53656.45,37772.45,446234.78,444597.25,-1637.53,0,2833.12,135,361.19,0.6,0,-2.86,45.76,-6004.276667,-106.7733333,19055.77143,12944.72143
1,Threecrops,India,965.16,137519.13,135433.13,108765.95,58726.9,41216.05,481866.53,481661.16,-205.38,878.53,4022.92,135,494,0.87,0,-2.91,37.87,-753.06,-108.64,15770.15,14908.45
2,Threecrops,India,0,138193.3,134770.75,108096.83,58380.79,40981.85,481661.13,480423.5,-1237.63,3667,2891.06,135,348.29,0.87,0,-2.58,57.6,-4537.976667,-96.32,23986.28571,19351.98905
3,Threecrops,India,1446.25,140532.2,134269.14,107479.45,58057.77,40762.67,480423.5,481101.25,677.75,5610.26,4069.18,135,499.96,1.04,0,-2.25,51.56,2485.083333,-84,21471.05714,23872.14048
4,Threecrops,India,1086.55,142397.38,133766.17,106890.2,57750.74,40554.28,481101.16,481358.78,257.63,6967.35,4094.61,112.5,503.08,1.02,0,-1.88,52.88,944.6433333,-70.18666667,22020.74286,22895.19952
5,Threecrops,India,1101.38,144202.06,133255.08,106321.66,57455.17,40353.31,481358.72,481587.28,228.56,7900.07,4031.38,135,496.6,0.99,0,-1.51,55.24,838.0533333,-56.37333333,23003.51429,23785.19429
6,Threecrops,India,0,145189.3,132616.8,105763.05,57166.08,40156.97,481587.28,480892.19,-695.09,8563.67,2919.92,135,352.66,0.82,0,-1.13,65.43,-2548.663333,-42.18666667,27246.92143,24656.07143
7,Threecrops,India,1455.87,147656.25,132134.2,105226.46,56886.61,39967.19,480892.22,481870.72,978.5,9020.23,4080.06,135,502.62,0.97,0,-0.8,45.4,3587.833333,-29.86666667,18905.85714,22463.82381
8,Threecrops,India,1145.08,149534.61,131647.47,104702.44,56614.51,39782.29,481870.75,482281.31,410.56,9310.96,4104.32,135,505.6,0.96,0,-0.76,47.49,1505.386667,-28.37333333,19776.19286,21253.20619
9,Threecrops,India,1137.84,151309.34,131161.17,104188.58,56348.07,39601.26,482281.28,482608.44,327.16,9511.48,4128.37,135,508.56,0.96,0,-0.76,48.36,1199.586667,-28.37333333,20138.48571,21309.69905
10,Threecrops,India,1144.11,153008.67,130672.33,103684.38,56086,39423.52,482608.44,482874.91,266.47,9665.34,4109.04,135,507.15,0.95,0,-0.76,49.46,977.0566667,-28.37333333,20596.55714,21545.24048
11,Threecrops,India,0,153782.14,130051.39,103187.38,55827.91,39248.28,482874.88,482097.09,-777.78,9784.01,2961.58,135,358.56,0.78,0,-0.76,66.12,-2851.86,-28.37333333,27534.25714,24654.02381
12,Threecrops,India,1431.74,156054.81,129589.2,102699.12,55574.14,39075.88,482097.09,482993.16,896.06,9868.51,4155.79,135,512.93,0.95,0,-0.76,54.19,3285.553333,-28.37333333,22566.26429,25823.44429
13,Threecrops,India,1181.07,157667.05,129122.56,102218.13,55324.38,38906.24,482993.16,483238.38,245.22,9924.81,4130.31,135,510.07,0.94,0,-0.76,52.99,899.14,-28.37333333,22066.55,22937.31667
14,Threecrops,India,1168.45,159179.75,128657.38,101743.55,55077.91,38738.84,483238.38,483397.44,159.06,9929.61,4153.11,135,512.89,0.94,0,-0.76,53.58,583.22,-28.37333333,22312.24286,22867.08952
15,Threecrops,India,1174.68,160612.78,128189.23,101274.4,54834.42,38573.36,483397.5,483484.19,86.69,9946.42,4131.4,135,511.15,0.94,0,-0.76,54.67,317.8633333,-28.37333333,22766.15,23055.64
16,Threecrops,India,1322.24,160557.08,127596.41,100810.81,54593.68,38409.91,483484.16,481967.88,-1516.28,9088.85,2820.03,135,516.81,0.85,0,-0.76,52.68,-5559.693333,-28.37333333,21937.45714,16349.39048
17,Threecrops,India,4430.74,160615.95,127019.15,100353.02,54355.48,38248.52,481967.91,480592.13,-1375.78,7189.79,3014.06,135,791.67,1.15,0,-0.76,67.33,-5044.526667,-28.37333333,28038.13571,22965.23571
18,Threecrops,India,4455,162372.78,126590.7,99900.38,54119.95,38088.85,480592.06,481072.66,480.59,8061.72,4197.76,135,1232.61,1.57,0,-0.76,59.94,1762.163333,-28.37333333,24960.72857,26694.51857
19,Threecrops,India,4479.12,163602.88,126162.43,99452.41,53886.98,37930.71,481072.69,481035.41,-37.28,8667.34,4219.6,135,1524.18,1.78,0,-0.76,49.46,-136.6933333,-28.37333333,20596.55714,20431.49048
20,Threecrops,India,4503.11,164742.52,125728.03,99008.8,53656.85,37774.16,481035.41,480910.38,-125.03,9067.15,4195.95,135,1812.58,1.99,0,-0.76,52.56,-458.4433333,-28.37333333,21887.48571,21400.66905
1,Fourcrops,India,962.55,137485.59,135478.56,108773.44,58728.95,41219.01,481866.53,481685.56,-180.97,880.03,3982.31,135,632.17,0.85,0,-2.91,34.8,-663.5566667,-108.64,14491.71429,13719.51762
2,Fourcrops,India,4048.83,138163.66,134809.3,108102.87,58382.55,40985.23,481685.53,480443.59,-1241.94,3671.76,2891.06,135,737.29,1.16,0,-2.58,50.06,-4553.78,-96.32,20846.41429,16196.31429
3,Fourcrops,India,4075.4,140488.63,134298.19,107483.09,58057.79,40764.63,480443.66,481092.31,648.66,5613.56,4069.18,135,1151.73,1.56,0,-2.25,49.05,2378.42,-84,20425.82143,22720.24143
4,Fourcrops,India,4101.8,142330.61,133791.17,106893.3,57750.65,40556.45,481092.34,481322.19,229.84,6966.22,4094.55,112.5,1419.32,1.73,0,-1.88,47.79,842.7466667,-70.18666667,19901.12143,20673.68143
5,Fourcrops,India,4128.04,144090.97,133277.06,106324.45,57455.07,40355.8,481322.16,481503.34,181.19,7881.72,4031.32,135,1679,1.89,0,-1.51,50.04,664.3633333,-56.37333333,20838.08571,21446.07571
6,Fourcrops,India,4154.11,145026.95,132638.63,105765.67,57166.19,40159.93,481503.34,480757.38,-745.97,8528.38,2919.92,135,1802.87,1.9,0,-1.14,57.77,-2735.223333,-42.56,24057.07857,21279.29524
7,Fourcrops,India,4180.03,147448.33,132149.11,105228.23,56886.26,39970.01,480757.25,481681.94,924.69,8995.73,4080.06,135,2222.32,2.21,0,-0.81,43.2,3390.53,-30.24,17989.71429,21350.00429
8,Fourcrops,India,4205.79,149296.45,131661.42,104704.13,56614.28,39785.49,481681.91,482061.78,379.88,9304.62,4104.32,135,2496.44,2.35,0,-0.76,41.35,1392.893333,-28.37333333,17219.32143,18583.84143
9,Fourcrops,India,4231.38,151044.69,131174.52,104190.24,56347.97,39604.86,482061.78,482362.28,300.5,9538.03,4128.37,135,2772.19,2.5,0,-0.76,42.05,1101.833333,-28.37333333,17510.82143,18584.28143
10,Fourcrops,India,4256.82,152703.33,130685.23,103686.05,56086.01,39427.52,482362.19,482588.13,225.94,9687.31,4108.97,135,3045.19,2.62,0,-0.76,43.16,828.4466667,-28.37333333,17973.05714,18773.13048
11,Fourcrops,India,4282.11,153429.75,130066.05,103189.04,55828.08,39252.68,482588.19,481765.59,-822.59,9779.82,2961.58,135,3172.64,2.59,0,-0.76,56.58,-3016.163333,-28.37333333,23561.52857,20516.9919
12,Fourcrops,India,4307.25,155662.23,129601.06,102700.71,55574.3,39080.54,481765.53,482618.84,853.31,9865.6,4155.79,135,3604.66,2.88,0,-0.76,49.29,3128.803333,-28.37333333,20525.76429,23626.19429
13,Fourcrops,India,4332.24,157239.53,129134.29,102219.71,55324.61,38911.21,482618.88,482829.34,210.47,9922.64,4130.24,135,3881.05,2.99,0,-0.76,46.52,771.7233333,-28.37333333,19372.25714,20115.60714
14,Fourcrops,India,4357.08,158720.53,128669.07,101745.13,55078.21,38744.16,482829.41,482957.09,127.69,9934.05,4153.11,135,4164.72,3.11,0,-0.76,47.11,468.1966667,-28.37333333,19617.95,20057.77333
15,Fourcrops,India,4381.77,160118.08,128201.01,101275.99,54834.77,38578.99,482957.09,483008.84,51.75,9957.05,4131.33,135,4445.41,3.22,0,-0.76,48.14,189.75,-28.37333333,20046.87143,20208.2481
16,Fourcrops,India,1565.09,160024.67,127617.15,100819.91,54598.2,38419.08,483008.84,481479,-1529.84,9076.23,2820.03,135,4699,2.42,0,-0.95,49.31,-5609.413333,-35.46666667,20534.09286,14889.21286
17,Fourcrops,India,3953.33,160071.66,127045.33,100369.15,54364.35,38260.86,481479.03,480111.34,-1367.69,7181.03,3014.06,135,5185.68,2.52,0,-0.95,62.52,-5014.863333,-35.46666667,26035.11429,20984.78429
18,Fourcrops,India,3969.92,161823.78,126616.61,99923.48,54132.95,38104.23,480111.38,480601.06,489.69,8055.64,4197.76,135,5831.44,2.82,0,-0.95,56.67,1795.53,-35.46666667,23599.00714,25359.07048
19,Fourcrops,India,3984.41,163047.84,126189.94,99482.66,53904.02,37949.22,480601.16,480573.69,-27.47,8663.12,4219.6,135,6328.59,2.94,0,-0.95,46.26,-100.7233333,-35.46666667,19263.98571,19127.79571
20,Fourcrops,India,4002.19,164175.94,125757.45,99045.89,53677.77,37795.66,480573.72,480452.72,-121,9062.59,4195.95,135,6823.35,3.06,0,-0.95,49.35,-443.6666667,-35.46666667,20550.75,20071.61667
1,OrgComet,India,,,,,,,,,-852.635,,,,,,,,,-3126.328333,0,0,-473.7110138
2,OrgComet,India,,,,,,,,,-200.154,,,,,,,,,-733.898,0,0,178.7700057
3,OrgComet,India,,,,,,,,,304.177,,,,,,,,,1115.315667,0,0,683.1009984
4,OrgComet,India,,,,,,,,,523.851,,,,,,,,,1920.787,0,0,902.7749896
5,OrgComet,India,,,,,,,,,230.531,,,,,,,,,845.2803333,0,0,609.4549894
6,OrgComet,India,,,,,,,,,474.516,,,,,,,,,1739.892,0,0,853.4400463
7,OrgComet,India,,,,,,,,,323.774,,,,,,,,,1187.171333,0,0,702.6979923
8,OrgComet,India,,,,,,,,,298.878,,,,,,,,,1095.886,0,0,677.8020263
9,OrgComet,India,,,,,,,,,332.446,,,,,,,,,1218.968667,0,0,711.3699913
10,OrgComet,India,,,,,,,,,573.553,,,,,,,,,2103.027667,0,0,952.4770379
11,OrgComet,India,,,,,,,,,344.749,,,,,,,,,1264.079667,0,0,723.672986
12,OrgComet,India,,,,,,,,,629.815,,,,,,,,,2309.321667,0,0,1008.738995
13,OrgComet,India,,,,,,,,,333.576,,,,,,,,,1223.112,0,0,712.4999762
14,OrgComet,India,,,,,,,,,591.797,,,,,,,,,2169.922333,0,0,970.7210064
15,OrgComet,India,,,,,,,,,437.028,,,,,,,,,1602.436,0,0,815.952003
16,OrgComet,India,,,,,,,,,453.689,,,,,,,,,1663.526333,0,0,832.6129913
17,OrgComet,India,,,,,,,,,263.357,,,,,,,,,965.6423333,0,0,642.2810555
18,OrgComet,India,,,,,,,,,471.894,,,,,,,,,1730.278,0,0,850.818038
19,OrgComet,India,,,,,,,,,369.844,,,,,,,,,1356.094667,0,0,748.767972
20,OrgComet,India,,,,,,,,,277.809,,,,,,,,,1018.633,0,0,656.733036
1,RegComet,India,,,,,,,,,-409.99,,,,,,,,,-1503.296667,0,0,-31.1050117
2,RegComet,India,,,,,,,,,-3969.19,,,,,,,,,-14553.69667,0,0,-3590.304852
3,RegComet,India,,,,,,,,,-1518.81,,,,,,,,,-5568.97,0,0,-1139.925003
4,RegComet,India,,,,,,,,,124.126,,,,,,,,,455.1286667,0,0,503.0109882
5,RegComet,India,,,,,,,,,82.0025,,,,,,,,,300.6758333,0,0,460.8874917
6,RegComet,India,,,,,,,,,270.035,,,,,,,,,990.1283333,0,0,648.9199996
7,RegComet,India,,,,,,,,,229.594,,,,,,,,,841.8446667,0,0,608.479023
8,RegComet,India,,,,,,,,,60.0871,,,,,,,,,220.3193667,0,0,438.9721155
9,RegComet,India,,,,,,,,,226.608,,,,,,,,,830.896,0,0,605.4930091
10,RegComet,India,,,,,,,,,378.215,,,,,,,,,1386.788333,0,0,757.0999861
1,Conventional,India,1469.74,117468.48,117856.55,117868.3,83766.24,41206.5,481866.53,478166.06,-3700.47,0,1144.96,0,147.55,0.84,0,-2.98,81.67,-13568.39,-111.2533333,34009.72143,20330.0781
2,Conventional,India,1445.44,116480.76,116864.32,116889.3,83134.3,40974.48,478166.09,474343.16,-3822.94,0,1152.58,0,148.53,0.8,0,-3.5,113.54,-14017.44667,-130.6666667,47281.3,33133.18667
3,Conventional,India,1454.92,115611.91,115966.5,116001.09,82554.83,40755.3,474343.16,470889.63,-3453.53,0,1160.14,0,149.5,0.73,0,-3.52,141.24,-12662.94333,-131.4133333,58816.37143,46022.01476
4,Conventional,India,1429.82,114796.63,115129.13,115170,82010.32,40545.85,470889.69,467651.94,-3237.75,0,1167.66,0,150.47,0.69,0,-3.54,161.19,-11871.75,-132.16,67124.12143,55120.21143
5,Conventional,India,1473.72,114012.39,114323.17,114367.67,81485.48,40344.68,467651.94,464533.38,-3118.56,0,1128.72,0,146.04,0.64,0,-3.55,173.62,-11434.72,-132.5333333,72300.32857,60733.07524
6,Conventional,India,1483.02,113260.48,113554.08,113600.31,80982.23,40150.21,464533.38,461547.31,-2986.06,0,1135.85,0,146.96,0.61,0,-3.57,181.4,-10948.88667,-133.28,75540.14286,64457.97619
7,Conventional,India,1457.09,112533.86,112813.47,112860.38,80495.93,39961.21,461547.31,458664.84,-2882.47,0,1142.93,0,147.88,0.59,0,-3.58,186.33,-10569.05667,-133.6533333,77593.13571,66890.42571
8,Conventional,India,1466.07,111829.06,112098.09,112144.91,80024.16,39776.62,458664.88,455872.84,-2792.03,0,1149.97,0,148.79,0.57,0,-3.59,188.18,-10237.44333,-134.0266667,78363.52857,67992.05857
9,Conventional,India,1474.99,111143.4,111403.77,111450,79565.3,39596.02,455872.84,453158.5,-2714.34,0,1156.97,0,149.7,0.56,0,-3.61,188.45,-9952.58,-134.7733333,78475.96429,68388.61095
10,Conventional,India,1448.04,110475.71,110728.31,110773.62,79117.75,39418.77,453158.5,450514.16,-2644.34,0,1163.93,0,150.6,0.55,0,-3.62,188.92,-9695.913333,-135.1466667,78671.68571,68840.62571
11,Conventional,India,1456.64,109822.9,110069.42,110113.59,78680.16,39244.45,450514.09,447930.53,-2583.56,0,1170.84,0,151.49,0.54,0,-3.63,187.45,-9473.053333,-135.52,78059.53571,68450.96238
12,Conventional,India,1465.19,109183.95,109425.24,109468.16,78251.45,39072.64,447930.5,445401.44,-2529.06,0,1177.72,0,152.38,0.53,0,-3.65,185.43,-9273.22,-136.2666667,77218.35,67808.86333
13,Conventional,India,1473.69,108548.3,108782.08,108823.56,77824.88,38903.33,445401.41,442882.16,-2519.25,0,1135.85,0,147.54,0.51,0,-3.66,184.45,-9237.25,-136.64,76810.25,67436.36
14,Conventional,India,1482.14,107928.08,108156.66,108196.79,77408.56,38736.23,442882.13,440426.31,-2455.81,0,1142.36,0,148.39,0.5,0,-3.67,181.98,-9004.636667,-137.0133333,75781.67143,66640.02143
15,Conventional,India,1453.66,107322.22,107546.13,107585.02,77000.8,38571.02,440426.34,438025.19,-2401.16,0,1148.83,0,149.23,0.5,0,-3.68,180.52,-8804.253333,-137.3866667,75173.68571,66232.04571
16,Conventional,India,1461.8,106728.04,106948.53,106986.16,76600.64,38407.78,438025.13,435671.16,-2353.97,0,1155.27,0,150.06,0.49,0,-3.69,177.99,-8631.223333,-137.76,74120.12143,65351.1381
17,Conventional,India,1469.9,106705.46,106383.52,106323.91,76200.13,38246.38,435671.09,433859.41,-1811.69,0,1161.67,0,150.89,2.49,0,-3.7,89.29,-6642.863333,-138.1333333,37182.90714,30401.91048
18,Conventional,India,0,105687.09,105736.32,105767,75862.05,35560.19,433859.34,428612.66,-5246.69,0,0,0,0,2599.29,23.13,1076.68,6.71,-19237.86333,40196.05333,2794.235714,23752.42571
19,Conventional,India,685.2,106632.76,105596.73,105526.3,75694.51,35478.42,428612.66,428928.72,316.06,0,1149.37,0,4395.61,3.94,590.69,166.62,0,1158.886667,6220.48,0,7379.366667
20,Conventional,India,844.66,106831.13,105372.21,105296.14,75533.05,35401,428928.75,428433.53,-495.22,895.33,1155.52,0,4419.15,0.54,2313.82,970.25,0,-1815.806667,36222.66667,0,34406.86
1,Tillage,China,652.34,8045.52,8149.87,8149.13,6869.11,2992.89,25340.18,34206.52,8866.33,8818.66,1010.09,135,110.9,33.45,0.04,0,14.03,32509.87667,0,5842.492857,38352.36952
2,Tillage,China,0,7943.14,8005.48,8000.81,6722.23,2970.99,34206.52,33642.64,-563.88,2726.59,0,135,0,653.62,0.71,-0.03,15.95,-2067.56,-1.12,6642.035714,4573.355714
3,Tillage,China,0,7927.32,7983.42,7979.07,6696.58,2951.95,33642.63,33538.33,-104.3,2697.95,0,135,0,534.16,0.77,-0.03,17.93,-382.4333333,-1.12,7466.564286,7083.010952
4,Tillage,China,0,7958.21,8011.84,8007.65,6714.72,2943.46,33538.33,33635.88,97.55,2728.76,0,112.5,0,506.1,0.74,-0.03,15.74,357.6833333,-1.12,6554.585714,6911.149048
5,Tillage,China,0,8023.24,8074.89,8070.62,6759.5,2922.45,33635.88,33850.69,214.81,2774.78,0,135,0,495.42,0.71,-0.04,19.54,787.6366667,-1.493333333,8137.014286,8923.157619
6,Tillage,China,0,8152.32,8204.62,8200.16,6856.67,2909.21,33850.69,34322.98,472.29,3029.51,0,135,0,485.83,0.71,-0.04,20.09,1731.73,-1.493333333,8366.05,10096.28667
7,Tillage,China,0,8223.47,8275.15,8270.64,6905.33,2902.7,34322.98,34577.28,254.3,2821.73,0,135,0,500,0.72,-0.05,20.22,932.4333333,-1.866666667,8420.185714,9350.752381
8,Tillage,China,0,8304.97,8355.74,8351.17,6962.74,2881.81,34577.28,34856.43,279.16,2837.52,0,135,0,496.91,0.71,-0.05,20.81,1023.586667,-1.866666667,8665.878571,9687.598571
9,Tillage,China,0,8392.5,8443.26,8438.62,7026,2868.99,34856.43,35169.37,312.94,2863.78,0,135,0,490.7,0.71,-0.06,21.09,1147.446667,-2.24,8782.478571,9927.685238
10,Tillage,China,0,8481.52,8532.4,8527.67,7090.48,2856.53,35169.36,35488.61,319.24,2884.38,0,135,0,492.63,0.71,-0.06,21.28,1170.546667,-2.24,8861.6,10029.90667
11,Tillage,China,0,8615.4,8667.72,8662.79,7191.82,2844.91,35488.6,35982.65,494.05,3114.36,0,135,0,495.23,0.72,-0.07,21.55,1811.516667,-2.613333333,8974.035714,10782.93905
12,Tillage,China,0,8691.78,8744.19,8739.21,7245.45,2840.41,35982.65,36261.04,278.39,2930.92,0,135,0,511.93,0.73,-0.08,21.46,1020.763333,-2.986666667,8936.557143,9954.33381
13,Tillage,China,0,8769.95,8821.7,8816.68,7300.61,2820.91,36261.04,36529.85,268.81,2930.97,0,135,0,511.85,0.73,-0.08,21.85,985.6366667,-2.986666667,9098.964286,10081.61429
14,Tillage,China,0,8850.91,8902.75,8897.68,7359.05,2809.34,36529.85,36819.74,289.89,2946.34,0,135,0,505.84,0.73,-0.09,21.99,1062.93,-3.36,9157.264286,10216.83429
15,Tillage,China,0,8932.89,8984.85,8979.74,7418.34,2797.98,36819.74,37113.8,294.06,2961.62,0,135,0,506.87,0.73,-0.09,22.14,1078.22,-3.36,9219.728571,10294.58857
16,Tillage,China,0,8339.37,8370.45,8366.79,6922.27,2776.82,37113.8,34775.7,-2338.11,0,0,135,0,506.53,0.73,-0.09,22.76,-8573.07,-3.36,9477.914286,901.4842857
17,Tillage,China,0,8702.61,8748.42,8744.45,7233.97,2772.54,34775.7,36201.98,1426.29,3213.18,0,135,0,339.64,0.55,-0.07,22.22,5229.73,-2.613333333,9253.042857,14480.15952
18,Tillage,China,0,8888.07,8937.02,8932.58,7373.78,2763.12,36201.98,36894.57,692.59,3054.63,0,135,0,449.92,0.64,-0.09,22.52,2539.496667,-3.36,9377.971429,11914.1081
19,Tillage,China,0,9028.1,9079.19,9074.49,7478.64,2759.83,36894.57,37420.24,525.67,3021.94,0,135,0,478.37,0.67,-0.1,19.73,1927.456667,-3.733333333,8216.135714,10139.85905
20,Tillage,China,0,9149.38,9201.01,9196.1,7567.87,2742.51,37420.25,37856.87,436.62,3036.83,0,135,0,494.16,0.7,-0.1,22.37,1600.94,-3.733333333,9315.507143,10912.71381
1,Tillage,Peru,533.42,47745.15,48057.03,47995.29,33439,15358.59,185935.55,192595.06,6659.52,8224.01,2754.22,135,642.29,23.06,0,-2.18,2.68,24418.24,-81.38666667,1116.028571,25452.8819
2,Tillage,Peru,0,48882.13,49348.49,49288.21,34038.16,15231.97,192595.06,196788.95,4193.89,8972.42,2895.51,135,698.18,24.82,0,-2.35,2.73,15377.59667,-87.73333333,1136.85,16426.71333
3,Tillage,Peru,0,49590.7,50131.97,50073.94,34369.64,15120.26,196788.95,199286.5,2497.55,8335.84,2893.09,135,962.22,24.89,0,-2.35,2.06,9157.683333,-87.73333333,857.8428571,9927.792857
4,Tillage,Peru,0,50071.52,50663.77,50607.37,34575.78,15009.38,199286.47,200927.81,1641.34,8364.1,2803.17,112.5,1161.03,24.88,0,-2.35,1.84,6018.246667,-87.73333333,766.2285714,6696.741905
5,Tillage,Peru,0,50439.21,51065.91,51010.73,34718.47,14901.53,200927.8,202135.86,1208.06,8419.36,2867.44,135,1392.37,25.79,0,-2.35,1.87,4429.553333,-87.73333333,778.7214286,5120.541429
6,Tillage,Peru,0,50742.6,51389.98,51334.85,34824.3,14792.23,202135.88,203083.97,948.09,8900.27,2897.01,135,1578.49,27.34,0,-2.35,2.05,3476.33,-87.73333333,853.6785714,4242.275238
7,Tillage,Peru,0,51018.18,51689.14,51635.42,34915.16,14695.7,203083.97,203953.59,869.63,8550.2,3167.57,135,1892.15,27.94,0,-2.35,1.87,3188.643333,-87.73333333,778.7214286,3879.631429
8,Tillage,Peru,0,51247.95,51936.51,51883.88,34981.65,14595.2,203953.59,204645.19,691.59,8612.01,3245.02,135,2130.73,28.66,0,-2.35,2,2535.83,-87.73333333,832.8571429,3280.95381
9,Tillage,Peru,0,51448.11,52151.02,52099.25,35033.01,14498.17,204645.19,205229.56,584.38,8666.69,3339.02,135,2374.19,29.37,0,-2.35,2.06,2142.726667,-87.73333333,857.8428571,2912.83619
10,Tillage,Peru,0,51629.96,52345.59,52294.66,35075.38,14403.16,205229.55,205748.73,519.19,8728.25,3433.97,135,2618.65,30.02,0,-2.35,2.14,1903.696667,-87.73333333,891.1571429,2707.120476
11,Tillage,Peru,0,51752.63,52463.91,52412.91,35084.34,14303.66,205748.73,206017.45,268.72,9566.78,2963.98,135,2722.78,28.79,0,-2.35,2.7,985.3066667,-87.73333333,1124.357143,2021.930476
12,Tillage,Peru,0,51958.32,52689.11,52639.35,35140.23,14219.11,206017.44,206646.11,628.67,8857.56,3718.74,135,3127.1,31.59,0,-2.35,2.32,2305.123333,-87.73333333,966.1142857,3183.504286
13,Tillage,Peru,0,52120.59,52864.61,52816.18,35174.7,14128.03,206646.11,207104.11,458,8904.47,3720.95,135,3358.6,31.89,0,-2.35,2.4,1679.333333,-87.73333333,999.4285714,2591.028571
14,Tillage,Peru,0,52261.44,53015.92,52968.48,35198.3,14039.71,207104.11,207483.86,379.75,8951.12,3758.72,135,3597.43,32.23,0,-2.35,2.43,1392.416667,-87.73333333,1011.921429,2316.604762
15,Tillage,Peru,0,52389.62,53152.95,53106.48,35215.45,13952.7,207483.88,207817.19,333.31,9004.46,3803.7,135,3899.41,32.71,0,-2.35,2.46,1222.136667,-87.73333333,1024.414286,2158.817619
16,Tillage,Peru,0,50509.31,51017.85,50966.96,33974.18,13868.36,207817.17,200336.67,-7480.5,0,2717.82,135,3914.44,30.4,0,-2.36,2.51,-27428.5,-88.10666667,1045.235714,-26471.37095
17,Tillage,Peru,0,51117.77,51734.95,51680,34381.96,13781.66,200336.67,202696.34,2359.67,9870.32,3002,135,4064.66,28.76,0,-2.34,5.07,8652.123333,-87.36,2111.292857,10676.05619
18,Tillage,Peru,0,51757.7,52460.19,52409.79,34714.23,13708.64,202696.34,205050.55,2354.2,9671.13,4163.04,135,4535.25,33.49,0,-2.34,3.13,8632.066667,-87.36,1303.421429,9848.128095
19,Tillage,Peru,0,52097.32,52843.74,52796.7,34858.41,13629.03,205050.56,206225.22,1174.66,9208.99,3982.08,135,4723.88,32.94,0,-2.34,2.52,4307.086667,-87.36,1049.4,5269.126667
20,Tillage,Peru,0,52334.74,53106.75,53061.88,34945.43,13549.97,206225.2,206998.77,773.56,9238.19,3907.23,135,4938.1,32.89,0,-2.35,2.47,2836.386667,-87.73333333,1028.578571,3777.231905
1,Tillage,Texas,1262,149572.39,150511.47,150689.95,105804.63,49826,606504,606404.44,-99.56,10064.71,4033.44,135,851.65,82.41,0,-3.57,91.75,-365.0533333,-133.28,38207.32143,37708.9881
2,Tillage,Texas,5806.44,148561.36,149452.44,149761.39,105008.55,49284.23,606404.56,602067.94,-4336.63,9986.53,2898.98,135,1287.23,101.1,0,-4.53,168.88,-15900.97667,-169.12,70326.45714,54256.36048
3,Tillage,Texas,5670.45,147800.98,148798.16,149083.47,104357.93,48776.23,602068,598816.75,-3251.25,10052.06,4084.82,135,2019.43,122.93,0,-4.56,163.5,-11921.25,-170.24,68086.07143,55994.58143
4,Tillage,Texas,5707.19,146915.23,147967.92,148226.39,103629.97,48303.06,598816.75,595042.56,-3774.19,9980.5,4017.74,112.5,2606.37,144.86,0,-4.59,157.32,-13838.69667,-171.36,65512.54286,51502.48619
5,Tillage,Texas,5572.4,146034.19,147114.19,147342.77,102898.79,47836.51,595042.63,591226.44,-3816.19,10044.34,4042.48,135,3205.78,163.35,0,-4.61,151.25,-13992.69667,-172.1066667,62984.82143,48820.0181
6,Tillage,Texas,5607.6,144877.72,145851.39,146112.91,102001,47396.85,591226.44,586239.88,-4986.56,9942.69,2925.74,135,3670.65,179.54,0,-4.64,172.69,-18284.05333,-173.2266667,71913.05,53455.77
7,Tillage,Texas,5642.58,144121.72,145177.06,145393.28,101386.76,46982.89,586239.88,583061.69,-3178.19,10004.72,4091.41,135,4414.46,201.79,0,-4.66,148.31,-11653.36333,-173.9733333,61760.52143,49933.18476
8,Tillage,Texas,5497.11,143364.31,144453.91,144631.53,100749.93,46567.43,583061.75,579767.13,-3294.63,10066.36,4115.67,135,5023.69,220.16,0,-4.68,141.94,-12080.31,-174.72,59107.87143,46852.84143
9,Tillage,Texas,5530.56,142588.67,143686.95,143833.52,100104.41,46172.98,579767.13,576386.5,-3380.63,9957.38,4094.03,135,5631.84,238.71,0,-4.7,132.74,-12395.64333,-175.4666667,55276.72857,42705.61857
10,Tillage,Texas,5381.91,141845,142949.77,143070.7,99486.23,45790.69,576386.5,573142.38,-3244.13,10017.25,4117.74,135,6247.35,258.24,0,-4.73,125.25,-11895.14333,-176.5866667,52157.67857,40085.94857
11,Tillage,Texas,5413.89,140806,141822.39,141990.27,98709.52,45418.3,573142.38,568746.5,-4395.88,10076.76,2964.88,135,6723.85,274.72,0,-4.75,149.77,-16118.22667,-177.3333333,62368.50714,46072.94714
12,Tillage,Texas,5445.67,140181.16,141255.86,141380.97,98188.19,45063.76,568746.44,566069.94,-2676.5,9971.18,4164.65,135,7487.64,296.64,0,-4.77,131.06,-9813.833333,-178.08,54577.12857,44585.21524
13,Tillage,Texas,5280.1,139541.27,140626.86,140719.5,97636.84,44703.51,566069.94,563228,-2841.94,10029.03,4135.54,135,8106.75,315.5,0,-4.79,125.01,-10420.44667,-178.8266667,52057.73571,41458.46238
14,Tillage,Texas,5310.37,138911.02,139992.91,140058.58,97094.13,44358.83,563228,560415.44,-2812.56,10086.53,4110.7,135,8729.95,334.39,0,-4.8,116.49,-10312.72,-179.2,48509.76429,38017.84429
15,Tillage,Texas,5340.47,138265,139330.89,139376.27,96543.83,44022.09,560415.44,557538.06,-2877.38,9976.42,4133.07,135,9360.65,353.91,0,-4.82,109.92,-10550.39333,-179.9466667,45773.82857,35043.48857
16,Tillage,Texas,5181.91,135379.91,136063.84,136116.97,94582.33,43694.84,557538,545837.88,-11700.13,0,2826.45,135,10045.56,368.28,0,-4.84,94.44,-42900.47667,-180.6933333,39327.51429,-3753.655714
17,Tillage,Texas,5178.42,135149.88,135998.39,136094.97,94474.24,43377.68,545837.88,545095.13,-742.75,9937.58,3013.82,135,11014.06,384.23,0,-4.88,117.3,-2723.416667,-182.1866667,48847.07143,45941.4681
18,Tillage,Texas,5234.11,135030.27,136003.97,136049.41,94273.61,43066.86,545095.25,544424.13,-671.13,9992.01,4199.53,135,12145.86,412.87,0,-4.89,110.93,-2460.81,-182.56,46194.42143,43551.05143
19,Tillage,Texas,5062.88,134791.03,135784.03,135788.39,93962.73,42768.01,544424.13,543094.19,-1329.94,10046.12,4221.44,135,13141.91,442.75,0,-4.9,93.09,-4876.446667,-182.9333333,38765.33571,33705.95571
20,Tillage,Texas,5091.18,134438.83,135396.11,135370.19,93566.44,42460.93,543094.31,541232.5,-1861.81,9961.08,4195.27,135,14137.8,470.09,0,-4.91,84.36,-6826.636667,-183.3066667,35129.91429,28119.97095