Practice,Country,Year ,GrainC1    ,LeafC1     ,StemC1     ,RootC1     ,GrainC2    ,LeafC2     ,StemC2     ,RootC2     ,GrainC3    ,LeafC3     ,StemC3     ,RootC3     ,SOC 0-10cm ,SOC 10-20cm,SOC 20-30cm,SOC 30-40cm,SOC 40-50cm,IniSOC     ,End_SOC    ,dSOC       ,ShootLitterC_input,RootLitterC_input,ManureC_input,RootExudation_DOC,Soil-CO2   ,Leach_C    ,Runoff_C   ,CH4        ,IniSON     ,IniSIN     ,EndSON     ,EndSIN     ,dSN        ,Atmo_N_input,Fertilizer_N_input,Manure_N_input,Litter_N_input,N_fixation ,Crop_N_uptake,Leach_NO3  ,Runoff_SON ,Leach_DON  ,N2O_flux   ,NO_flux    ,N2_flux    ,NH3_flux   
org_cli,India,1,608.04,1106.86,1106.86,1135.19,0,0,0,0,0,0,0,0,118051.7,118104.62,118037.08,83925.5,41318.98,481866.53,479437.88,-2428.66,0,1135.19,0,185.34,3750.62,0.53,0,-1.89,47752.97,2.83,47488.41,156.98,-110.41,7.81,0,0,14.92,0,121.53,0.07,0,0,4.68,0.08,2.25,4.55
org_cli,India,2,1448.02,1114.22,1114.22,1142.74,0,0,0,0,0,0,0,0,117242.88,117276.67,117204.8,83389.51,41123.38,479437.91,476237.25,-3200.66,0,1142.74,0,186.57,4530.29,0.57,0,-2.21,47488.41,156.98,47235.01,206.6,-203.79,7.81,0,0,15.01,0,206.44,0.98,0,0,10.13,0.19,2.2,6.68
org_cli,India,3,1457.53,1121.54,1121.54,1150.24,0,0,0,0,0,0,0,0,116510.35,116539.49,116471.32,82905.6,40938.3,476237.25,473365.06,-2872.19,0,1150.24,0,187.8,4212.04,0.56,0,-2.21,47235.01,206.6,46987.4,247.99,-206.22,7.81,0,0,15.1,0,207.68,1.29,0,0,10.98,0.22,2.27,6.69
org_cli,India,4,1466.97,1094.83,1094.83,1122.84,0,0,0,0,0,0,0,0,115827.92,115854.4,115789.39,82454.57,40763.66,473365.09,470689.94,-2675.16,0,1122.84,0,183.94,3984.45,0.55,0,-2.22,46987.4,247.99,46747.12,281.7,-206.58,7.81,0,0,14.73,0,206.96,1.54,0,0,11.53,0.25,2.23,6.61
org_cli,India,5,1476.35,1101.83,1101.83,1130.02,0,0,0,0,0,0,0,0,115192.13,115217.4,115155.02,82033.33,40597.74,470689.97,468195.63,-2494.34,0,1130.02,0,185.11,3810.4,0.54,0,-2.23,46747.12,281.7,46514.67,306.22,-207.93,7.81,0,0,14.82,0,208.16,1.69,0,0,11.75,0.26,2.22,6.48
org_cli,India,6,1454.4,1108.79,1108.79,1137.16,0,0,0,0,0,0,0,0,114593.06,114617.92,114557.76,81635.16,40438.47,468195.63,465842.38,-2353.25,0,1137.16,0,186.28,3678.2,0.53,0,-2.24,46514.67,306.22,46290.32,324.8,-205.76,7.81,0,0,14.9,0,206.28,1.72,0,0,11.71,0.26,2.2,6.33
org_cli,India,7,1463.47,1115.71,1115.71,1144.26,0,0,0,0,0,0,0,0,114024.05,114049.02,113990.8,81255.81,40285.02,465842.44,463604.69,-2237.75,0,1144.26,0,187.44,3571.89,0.52,0,-2.24,46290.32,324.8,46073.78,335,-206.34,7.81,0,0,14.99,0,207.45,1.67,0,0,11.42,0.25,2.16,6.18
org_cli,India,8,1472.49,1122.58,1122.58,1151.31,0,0,0,0,0,0,0,0,113480.81,113506.04,113449.55,80891.89,40136.09,463604.72,461464.38,-2140.34,0,1151.31,0,188.6,3483.04,0.52,0,-2.25,46073.78,335,45864.55,337.69,-206.55,7.81,0,0,15.07,0,208.61,1.53,0,0,10.95,0.22,2.12,6
org_cli,India,9,1449.23,1129.41,1129.41,1158.31,0,0,0,0,0,0,0,0,112959.22,112984.84,112929.91,80541.4,39990.99,461464.41,459406.38,-2058.03,0,1158.31,0,189.75,3407.43,0.51,0,-2.25,45864.55,337.69,45661.96,337.04,-203.24,7.81,0,0,15.15,0,206.6,1.3,0,0,10.23,0.19,2.06,5.82
org_cli,India,10,1457.95,1136.2,1136.2,1165.28,0,0,0,0,0,0,0,0,112456.89,112483.04,112429.44,80202.81,39849.2,459406.34,457421.38,-1984.97,0,1165.28,0,190.89,3340.91,0.51,0,-2.26,45661.96,337.04,45465.48,330.56,-202.96,7.81,0,0,15.24,0,207.73,1.05,0,0,9.47,0.16,2,5.61
org_cli,India,11,1466.61,1106.51,1106.51,1134.83,0,0,0,0,0,0,0,0,111962.88,111989.06,111936.89,79869.95,39710.04,457421.34,455468.81,-1952.53,0,1134.83,0,186.53,3274.11,0.51,0,-2.27,45465.48,330.56,45274.22,320.91,-200.91,7.81,0,0,14.83,0,206.78,0.77,0,0,8.52,0.13,1.98,5.4
org_cli,India,12,1475.22,1113.01,1113.01,1141.49,0,0,0,0,0,0,0,0,111488.44,111514.94,111463.93,79548.58,39573.89,455468.88,453589.78,-1879.09,0,1141.49,0,187.62,3209.28,0.51,0,-2.27,45274.22,320.91,45088.14,306.63,-200.36,7.81,0,0,14.91,0,207.88,0.53,0,0,7.5,0.11,1.94,5.12
org_cli,India,13,1449.66,1119.47,1119.47,1148.11,0,0,0,0,0,0,0,0,111029.39,111056.26,111006.3,79236.41,39439.75,453589.81,451768.09,-1821.72,0,1148.11,0,188.71,3160.71,0.51,0,-2.28,45088.14,306.63,44907.19,289.87,-197.71,7.81,0,0,14.99,0,205.64,0.5,0,0,7.35,0.1,1.91,5.01
org_cli,India,14,1457.97,1125.89,1125.89,1154.7,0,0,0,0,0,0,0,0,110584.28,110611.55,110562.52,78932.53,39307.71,451768.09,449998.59,-1769.5,0,1154.7,0,189.8,3117.23,0.51,0,-2.28,44907.19,289.87,44730.95,267.76,-198.35,7.81,0,0,15.07,0,206.71,0.48,0,0,7.18,0.1,1.87,4.9
org_cli,India,15,1466.24,1132.27,1132.27,1161.24,0,0,0,0,0,0,0,0,110151.8,110179.48,110131.25,78636.13,39177.63,449998.66,448276.31,-1722.34,0,1161.24,0,190.87,3078.75,0.51,0,-2.28,44730.95,267.76,44559.08,240.62,-199.02,7.81,0,0,15.14,0,207.77,0.45,0,0,6.99,0.09,1.85,4.8
org_cli,India,16,1444.82,1138.61,1138.61,1167.75,0,0,0,0,0,0,0,0,109730.63,109758.66,109711.18,78346.53,39049.13,448276.22,446596.13,-1680.09,0,1167.75,0,191.94,3044.48,0.51,0,-2.29,44559.08,240.62,44391.23,211.63,-196.83,7.81,0,0,15.22,0,205.93,0.43,0,0,6.87,0.09,1.82,4.72
org_cli,India,17,1452.82,1144.92,1144.92,1174.22,0,0,0,0,0,0,0,0,109801.98,109362.13,109140.07,78007.29,38924.57,446596.09,445236.06,-1360.03,0,1174.22,0,193,2730.4,0.41,0,-2.3,44391.23,211.63,44280.86,128.48,-193.53,7.81,0,0,15.3,0,206.97,0.28,0,0,3.32,0.04,1.27,4.75
org_cli,India,18,0,0,0,0,0,0,0,0,0,0,0,0,108835.43,108813.43,108687.13,77725.97,38138.87,445236,442200.81,-3035.19,0,0,0,0,2539.9,684,2.48,194.88,44280.86,128.48,44187.59,62.62,-159.13,0,0,0,0,0,0,0.02,0.02,68.4,0.75,0,1.49,88.45
org_cli,India,19,171.56,1010.02,1010.02,1035.86,0,0,0,0,0,0,0,0,109747.93,108735.73,108522.09,77617.3,37590.54,442200.81,442213.59,12.78,0,1035.86,0,3225.79,3724.53,506.96,23.7,16.17,44187.59,62.62,44103.36,27.3,-119.56,0,0,0,13.48,0,70.03,0,1.75,50.7,0,0,0.42,11.89
org_cli,India,20,315.56,770.6,770.6,790.32,0,0,0,0,0,0,0,0,109903.6,108615.02,108393.56,77528.43,37174.07,442213.56,441614.69,-598.88,670.47,790.32,0,2464.99,5584.34,375.79,45.09,68.72,44103.36,27.3,44040.03,38.39,-52.23,0,0,0,10.28,0,70.54,0,1.82,37.58,0,0,0.35,8.14
org_cli,China,1,85.78,271.1,271.1,278.03,0,0,0,0,0,0,0,0,5817.44,5821.88,5819.66,5035.7,2981.77,25340.18,25476.45,136.27,0,278.03,0,44.86,182.19,4.44,0,0,2511.21,2.83,2497.73,6.73,-9.58,7.81,0,0,3.65,0,18.08,1.08,0,0,0.35,0,0.06,1.48
org_cli,China,2,82.63,324.27,324.27,332.57,0,0,0,0,0,0,0,0,5828.68,5834.48,5830.83,5040.41,2966.64,25476.45,25501.04,24.59,0,332.57,0,54.64,354.3,8.3,0,0,2497.73,6.73,2486.5,6.78,-11.19,7.81,0,0,4.37,0,20.86,0.66,0,0,0.26,0,0.07,1.51
org_cli,China,3,82.49,320.76,320.76,328.97,0,0,0,0,0,0,0,0,5825.48,5832.2,5828.26,5034.3,2948.55,25501.04,25468.8,-32.24,0,328.97,0,54.02,406.55,8.67,0,0,2486.5,6.78,2475.97,6.42,-10.88,7.81,0,0,4.32,0,20.61,0.59,0,0,0.25,0,0.07,1.48
org_cli,China,4,82.48,312.17,312.17,320.15,0,0,0,0,0,0,0,0,5813.81,5821.02,5816.92,5021.73,2930.91,25468.8,25404.39,-64.41,0,320.15,0,52.48,428.45,8.59,0,0,2475.97,6.42,2465.71,6.27,-10.41,7.81,0,0,4.2,0,20.09,0.54,0,0,0.24,0,0.07,1.47
org_cli,China,5,82.54,308.41,308.41,316.3,0,0,0,0,0,0,0,0,5797.71,5805.18,5800.97,5005.86,2913.95,25404.39,25323.66,-80.73,0,316.3,0,51.8,440.34,8.5,0,0,2465.71,6.27,2455.55,6.23,-10.2,7.81,0,0,4.15,0,19.86,0.52,0,0,0.24,0,0.07,1.47
org_cli,China,6,82.6,307.09,307.09,314.95,0,0,0,0,0,0,0,0,5779.16,5786.8,5782.51,4988.22,2897.57,25323.66,25234.26,-89.4,0,314.95,0,51.56,447.49,8.43,0,0,2455.55,6.23,2445.42,6.23,-10.13,7.81,0,0,4.13,0,19.77,0.51,0,0,0.24,0,0.07,1.47
org_cli,China,7,82.64,306.89,306.89,314.74,0,0,0,0,0,0,0,0,5759.23,5766.97,5762.63,4969.62,2881.7,25234.26,25140.15,-94.11,0,314.74,0,51.53,452.01,8.38,0,0,2445.42,6.23,2435.3,6.24,-10.1,7.81,0,0,4.12,0,19.74,0.51,0,0,0.23,0,0.07,1.47
org_cli,China,8,82.67,307.18,307.18,315.04,0,0,0,0,0,0,0,0,5738.48,5746.29,5741.91,4950.49,2866.27,25140.15,25043.44,-96.71,0,315.04,0,51.58,455,8.34,0,0,2435.3,6.24,2425.18,6.27,-10.1,7.81,0,0,4.12,0,19.74,0.51,0,0,0.23,0,0.07,1.48
org_cli,China,9,82.69,307.51,307.51,315.38,0,0,0,0,0,0,0,0,5717.19,5725.06,5720.63,4931.03,2851.23,25043.44,24945.15,-98.29,0,315.38,0,51.64,457.01,8.3,0,0,2425.18,6.27,2415.05,6.29,-10.11,7.81,0,0,4.13,0,19.75,0.51,0,0,0.23,0,0.07,1.48
org_cli,China,10,82.7,307.87,307.87,315.75,0,0,0,0,0,0,0,0,5695.56,5703.46,5699.01,4911.39,2836.52,24945.15,24845.95,-99.2,0,315.75,0,51.71,458.37,8.27,0,0,2415.05,6.29,2404.92,6.3,-10.11,7.81,0,0,4.13,0,19.75,0.51,0,0,0.23,0,0.07,1.48
org_cli,China,11,82.7,308.09,308.09,315.97,0,0,0,0,0,0,0,0,5673.68,5681.6,5677.14,4891.63,2822.13,24845.95,24746.18,-99.76,0,315.97,0,51.75,459.23,8.24,0,0,2404.92,6.3,2394.81,6.32,-10.1,7.81,0,0,4.13,0,19.74,0.51,0,0,0.23,0,0.07,1.48
org_cli,China,12,82.67,308.23,308.23,316.11,0,0,0,0,0,0,0,0,5651.63,5659.57,5655.09,4871.8,2808.02,24746.19,24646.12,-100.07,0,316.11,0,51.78,459.74,8.21,0,0,2394.81,6.32,2384.71,6.33,-10.09,7.81,0,0,4.13,0,19.73,0.51,0,0,0.23,0,0.07,1.48
org_cli,China,13,82.64,308.22,308.22,316.11,0,0,0,0,0,0,0,0,5629.45,5637.4,5632.92,4851.93,2794.16,24646.12,24545.87,-100.25,0,316.11,0,51.78,459.96,8.19,0,0,2384.71,6.33,2374.63,6.33,-10.07,7.81,0,0,4.13,0,19.71,0.51,0,0,0.23,0,0.07,1.48
org_cli,China,14,82.59,308.19,308.19,316.08,0,0,0,0,0,0,0,0,5607.21,5615.17,5610.68,4832.07,2780.52,24545.87,24445.64,-100.22,0,316.08,0,51.78,459.93,8.16,0,0,2374.63,6.33,2364.58,6.33,-10.05,7.81,0,0,4.12,0,19.69,0.51,0,0,0.23,0,0.07,1.48
org_cli,China,15,82.55,308.05,308.05,315.94,0,0,0,0,0,0,0,0,5584.91,5592.88,5588.38,4812.21,2767.08,24445.64,24345.46,-100.18,0,315.94,0,51.76,459.72,8.14,0,0,2364.58,6.33,2354.56,6.33,-10.02,7.81,0,0,4.12,0,19.66,0.51,0,0,0.23,0,0.07,1.48
org_cli,China,16,82.49,307.86,307.86,315.74,0,0,0,0,0,0,0,0,5562.6,5570.56,5566.07,4792.38,2753.83,24345.46,24245.45,-100.02,0,315.74,0,51.73,459.35,8.12,0,0,2354.56,6.33,2344.57,6.33,-9.99,7.81,0,0,4.12,0,19.62,0.51,0,0,0.23,0,0.07,1.48
org_cli,China,17,82.18,308.95,308.95,316.85,0,0,0,0,0,0,0,0,5579.65,5615.04,5500.88,4734.23,2741.05,24245.45,24170.85,-74.6,0,316.85,0,51.96,437.15,6.24,0,0,2344.57,6.33,2337.51,3.6,-9.79,7.81,0,0,4.13,0,19.64,0.41,0,0,0.11,0,0.05,1.51
org_cli,China,18,54.22,99.38,99.38,101.93,0,0,0,0,0,0,0,0,5460.48,5483.32,5389.19,4644.85,2673.34,24170.85,23651.18,-519.67,7.73,101.93,0,182.65,902.08,38.73,0.99,42.59,2337.51,3.6,2331.61,2.4,-7.1,0,0,0,1.33,0,4.49,0.02,0,3.81,0.02,0,0.08,0.3
org_cli,China,19,63.51,150.05,150.05,153.89,0,0,0,0,0,0,0,0,5506.05,5441.91,5344.59,4610.62,2637.55,23651.18,23540.72,-110.46,86.14,153.89,0,285.77,809.72,30.61,3.6,29.01,2331.61,2.4,2327.59,3.09,-3.33,0,0,0,2,0,8.42,0,1.82,3.06,0,0,0.02,0.37
org_cli,China,20,76.07,225.44,225.44,231.21,0,0,0,0,0,0,0,0,5619.68,5443.95,5323.61,4592.42,2607.98,23540.72,23587.63,46.91,176.01,231.21,0,440.38,1120.17,24.59,7.29,37.34,2327.59,3.09,2326.11,3.74,-0.83,0,0,0,3.01,0,14.1,0,1.93,2.46,0,0,0.02,0.86
org_cli,Peru,1,316.16,1095.18,1095.18,1123.2,0,0,0,0,0,0,0,0,45922.36,45946.57,45883.21,32258.97,15369.21,185935.55,185380.31,-555.23,0,1123.2,0,178.95,1855.2,3.79,0,-1.61,18426.21,2.47,18300.7,52.75,-75.24,7.81,0,0,14.76,0,90.37,0.83,0,0,4.15,0.06,0.17,2.22
org_cli,Peru,2,651.71,1114.22,1114.22,1142.74,0,0,0,0,0,0,0,0,45672.59,45693.91,45607.08,32057.06,15260.45,185380.33,184291.09,-1089.23,0,1142.74,0,186.57,2415.91,4.23,0,-1.72,18300.7,52.75,18184.38,53.7,-115.36,7.81,0,0,15.01,0,126.04,3.58,0,0,5.63,0.1,0.19,2.64
org_cli,Peru,3,643.86,1121.54,1121.54,1150.24,0,0,0,0,0,0,0,0,45408.36,45430.45,45346.07,31861,15156.43,184291.13,183202.3,-1088.83,0,1150.24,0,187.8,2424.2,4.18,0,-1.72,18184.38,53.7,18073.16,50.66,-114.26,7.81,0,0,15.1,0,125.58,3.31,0,0,5.44,0.1,0.19,2.56
org_cli,Peru,4,613.46,1094.83,1094.83,1122.84,0,0,0,0,0,0,0,0,45142.63,45164.87,45083.08,31667.29,15057.71,183202.3,182115.56,-1086.73,0,1122.84,0,183.94,2391.35,4.1,0,-1.72,18073.16,50.66,17966.13,48.29,-109.39,7.81,0,0,14.73,0,120.93,2.99,0,0,5.23,0.09,0.19,2.5
org_cli,Peru,5,574.89,1101.83,1101.83,1130.02,0,0,0,0,0,0,0,0,44887.87,44910.27,44830.54,31481.86,14963.55,182115.56,181074.08,-1041.48,0,1130.02,0,185.11,2354.13,4.06,0,-1.72,17966.13,48.29,17862.86,46.31,-105.26,7.81,0,0,14.82,0,117.39,2.76,0,0,5.02,0.09,0.19,2.44
org_cli,Peru,6,540.42,1108.79,1108.79,1137.16,0,0,0,0,0,0,0,0,44642.67,44665.21,44587.21,31303.45,14873.22,181074.08,180071.77,-1002.31,0,1137.16,0,186.28,2323.72,4.04,0,-1.72,17862.86,46.31,17762.97,44.57,-101.63,7.81,0,0,14.9,0,114.27,2.57,0,0,4.84,0.08,0.19,2.4
org_cli,Peru,7,509.65,1115.71,1115.71,1144.26,0,0,0,0,0,0,0,0,44405.6,44428.26,44351.7,31131.08,14786.02,180071.78,179102.66,-969.13,0,1144.26,0,187.44,2298.36,4.04,0,-1.72,17762.97,44.57,17666,43.09,-98.45,7.81,0,0,14.99,0,111.52,2.4,0,0,4.7,0.08,0.19,2.35
org_cli,Peru,8,482.53,1122.58,1122.58,1151.31,0,0,0,0,0,0,0,0,44175.74,44198.55,44123.19,30964.04,14701.6,179102.64,178163.11,-939.53,0,1151.31,0,188.6,2276.96,4.02,0,-1.71,17666,43.09,17571.65,41.79,-95.65,7.81,0,0,15.07,0,109.14,2.27,0,0,4.55,0.08,0.19,2.32
org_cli,Peru,9,457.04,1129.41,1129.41,1158.31,0,0,0,0,0,0,0,0,43952.31,43975.25,43900.89,30801.56,14619.54,178163.14,177249.55,-913.59,0,1158.31,0,189.75,2259.42,4.01,0,-1.71,17571.65,41.79,17479.66,40.65,-93.13,7.81,0,0,15.15,0,106.92,2.15,0,0,4.46,0.07,0.19,2.29
org_cli,Peru,10,434.21,1136.2,1136.2,1165.28,0,0,0,0,0,0,0,0,43734.64,43757.72,43684.16,30643.3,14539.58,177249.55,176359.39,-890.16,0,1165.28,0,190.89,2244.55,4.01,0,-1.71,17479.66,40.65,17389.81,39.65,-90.85,7.81,0,0,15.24,0,104.97,2.06,0,0,4.36,0.07,0.18,2.26
org_cli,Peru,11,433.65,1106.51,1106.51,1134.83,0,0,0,0,0,0,0,0,43511.67,43534.53,43462.17,30483.38,14461.27,176359.42,175453.02,-906.41,0,1134.83,0,186.53,2225.68,3.97,0,-1.71,17389.81,39.65,17301.28,38.88,-89.29,7.81,0,0,14.83,0,103.16,1.97,0,0,4.31,0.07,0.18,2.25
org_cli,Peru,12,417.11,1113.01,1113.01,1141.49,0,0,0,0,0,0,0,0,43296.25,43319.04,43247.52,30328.26,14384.79,175453.03,174575.84,-877.19,0,1141.49,0,187.62,2203.82,3.96,0,-1.71,17301.28,38.88,17214.24,38.2,-87.73,7.81,0,0,14.91,0,101.81,1.91,0,0,4.24,0.07,0.18,2.23
org_cli,Peru,13,401.53,1119.47,1119.47,1148.11,0,0,0,0,0,0,0,0,43086.65,43109.45,43038.54,30177.05,14309.84,174575.83,173721.53,-854.3,0,1148.11,0,188.71,2188.64,3.96,0,-1.71,17214.24,38.2,17128.67,37.54,-86.23,7.81,0,0,14.99,0,100.58,1.83,0,0,4.16,0.07,0.18,2.21
org_cli,Peru,14,385.74,1125.89,1125.89,1154.7,0,0,0,0,0,0,0,0,42881.73,42904.6,42834.16,30029.08,14236.26,173721.53,172885.83,-835.7,0,1154.7,0,189.8,2177.84,3.94,0,-1.71,17128.67,37.54,17044.51,36.92,-84.78,7.81,0,0,15.07,0,99.31,1.8,0,0,4.11,0.06,0.18,2.2
org_cli,Peru,15,371.07,1132.27,1132.27,1161.24,0,0,0,0,0,0,0,0,42680.92,42703.86,42633.8,29883.96,14163.91,172885.83,172066.44,-819.39,0,1161.24,0,190.87,2169.26,3.93,0,-1.7,17044.51,36.92,16961.67,36.36,-83.4,7.81,0,0,15.14,0,98.16,1.75,0,0,4.04,0.06,0.17,2.18
org_cli,Peru,16,357.28,1138.61,1138.61,1167.75,0,0,0,0,0,0,0,0,42483.58,42506.63,42436.85,29741.14,14092.76,172066.44,171260.97,-805.47,0,1167.75,0,191.94,2162.95,3.91,0,-1.7,16961.67,36.36,16880.05,35.86,-82.12,7.81,0,0,15.22,0,97.09,1.68,0,0,3.98,0.06,0.17,2.17
org_cli,Peru,17,361.97,1144.92,1144.92,1174.22,0,0,0,0,0,0,0,0,42483.22,42594.45,42048.16,29503.37,14023.48,171260.97,170652.69,-608.28,0,1174.22,0,193,1974.11,3.16,0,-1.7,16880.05,35.86,16819.59,16.17,-80.15,7.81,0,0,15.3,0,97.86,1.19,0,0,1.86,0.03,0.16,2.16
org_cli,Peru,18,0,0,0,0,0,0,0,0,0,0,0,0,41734.75,41916.84,41624.8,29263.77,13691.47,170652.66,168231.63,-2421.03,0,0,0,0,2340.97,271.78,2.66,227.32,16819.59,16.17,16785.88,13.48,-36.39,0,0,0,0,0,0,0.08,0.01,27.15,0.44,0,0.9,7.81
org_cli,Peru,19,130.11,349.33,349.33,358.27,0,0,0,0,0,0,0,0,41873.09,41826.39,41509.16,29185.7,13446.23,168231.61,167840.58,-391.03,0,358.27,0,1170.57,1767.14,222.18,8.27,14.37,16785.88,13.48,16736.42,15.32,-47.63,0,0,0,4.66,0,26.89,0,1.75,22.22,0,0,0.22,2.96
org_cli,Peru,20,182.16,479.75,479.75,492.03,0,0,0,0,0,0,0,0,42046.96,41797.46,41424.38,29125.06,13241.91,167840.59,167635.77,-204.83,253.55,492.03,0,1579.53,2870.2,181.81,21.02,38.07,16736.42,15.32,16696.29,20.86,-34.59,0,0,0,6.4,0,39.93,0,1.76,18.18,0,0,0.19,3.35
org_cli,Texas,1,1466.49,1106.86,1106.86,1135.19,0,0,0,0,0,0,0,0,148476.23,148522.86,148180.69,104457.62,49950.02,606504,599587.44,-6916.56,0,1135.19,0,185.34,8233.34,7.3,0,-2.67,60104.54,2.47,59412.98,448.95,-245.09,7.81,0,0,14.92,0,207.97,17.07,0,0,35.74,0.98,0.79,5.26
org_cli,Texas,2,1448.02,1114.22,1114.22,1142.74,0,0,0,0,0,0,0,0,146801,146829.06,146364.41,103276.19,49496.05,599587.38,592766.69,-6820.69,0,1142.74,0,186.57,8145.46,7.16,0,-3.28,59412.98,448.95,58824.87,730.53,-306.53,7.81,0,0,15.01,0,206.44,74.4,0,0,40.99,1.8,0.5,5.23
org_cli,Texas,3,1457.53,1121.54,1121.54,1150.24,0,0,0,0,0,0,0,0,145279.66,145304.78,144880.13,102246.99,49065.09,592766.75,586776.63,-5990.13,0,1150.24,0,187.8,7324.88,7,0,-3.31,58824.87,730.53,58280.16,919.67,-355.56,7.81,0,0,15.1,0,207.68,119,0,0,43.77,2.3,0.46,5.29
org_cli,Texas,4,1466.97,1094.83,1094.83,1122.84,0,0,0,0,0,0,0,0,143912.41,143935.41,143545.78,101313.4,48661,586776.63,581368,-5408.63,0,1122.84,0,183.94,6711.21,6.8,0,-3.33,58280.16,919.67,57775.94,1039.28,-384.61,7.81,0,0,14.73,0,206.96,147.68,0,0,44.39,2.56,0.41,5.16
org_cli,Texas,5,1476.35,1101.83,1101.83,1130.02,0,0,0,0,0,0,0,0,142677.69,142699.39,142339.59,100461.28,48279.64,581368,576457.63,-4910.38,0,1130.02,0,185.11,6222.07,6.64,0,-3.35,57775.94,1039.28,57308.11,1108.29,-398.82,7.81,0,0,14.82,0,208.16,161.2,0,0,44.1,2.64,0.39,4.97
org_cli,Texas,6,1454.4,1108.79,1108.79,1137.16,0,0,0,0,0,0,0,0,141550.05,141570.89,141236.48,99675.39,47917.2,576457.69,571950,-4507.69,0,1137.16,0,186.28,5828.4,6.51,0,-3.37,57308.11,1108.29,56872.36,1145.29,-398.75,7.81,0,0,14.9,0,206.28,163.88,0,0,43.53,2.61,0.37,4.79
org_cli,Texas,7,1463.47,1115.71,1115.71,1144.26,0,0,0,0,0,0,0,0,140510.56,140530.84,140218.3,98944.45,47571.48,571950,567775.63,-4174.38,0,1144.26,0,187.44,5503.75,6.39,0,-3.39,56872.36,1145.29,56464.78,1158.62,-394.25,7.81,0,0,14.99,0,207.45,159.35,0,0,42.81,2.51,0.36,4.58
org_cli,Texas,8,1472.49,1122.58,1122.58,1151.31,0,0,0,0,0,0,0,0,139544.88,139564.72,139271,98259.72,47240.21,567775.5,563880.5,-3895,0,1151.31,0,188.6,5231.71,6.29,0,-3.41,56464.78,1158.62,56081.79,1156.94,-384.66,7.81,0,0,15.07,0,208.61,150.08,0,0,41.83,2.35,0.34,4.38
org_cli,Texas,9,1449.23,1129.41,1129.41,1158.31,0,0,0,0,0,0,0,0,138642.09,138661.53,138383.94,97614.23,46921.29,563880.56,560223.06,-3657.5,0,1158.31,0,189.75,5001.59,6.2,0,-3.42,56081.79,1156.94,55720.27,1149.43,-369.04,7.81,0,0,15.15,0,206.6,137.91,0,0,40.82,2.18,0.35,4.16
org_cli,Texas,10,1457.95,1136.2,1136.2,1165.28,0,0,0,0,0,0,0,0,137793.44,137812.56,137549,97003.02,46613.99,560223.13,556772,-3451.13,0,1165.28,0,190.89,4805.88,6.12,0,-3.43,55720.27,1149.43,55377.88,1136.34,-355.48,7.81,0,0,15.24,0,207.73,124.71,0,0,39.78,2,0.33,3.98
org_cli,Texas,11,1466.61,1106.51,1106.51,1134.83,0,0,0,0,0,0,0,0,136980.94,136999.59,136748.72,96416.23,46316.73,556772,553462.19,-3309.81,0,1134.83,0,186.53,4627.23,6.04,0,-3.45,55377.88,1136.34,55051.38,1123.22,-339.62,7.81,0,0,14.83,0,206.78,110.84,0,0,38.72,1.81,0.34,3.78
org_cli,Texas,12,1475.22,1113.01,1113.01,1141.49,0,0,0,0,0,0,0,0,136212.23,136230.63,135990.38,95857.17,46029.11,553462.25,550319.5,-3142.75,0,1141.49,0,187.62,4469.82,5.98,0,-3.46,55051.38,1123.22,54739.45,1109.27,-325.87,7.81,0,0,14.91,0,207.88,97.4,0,0,37.77,1.63,0.34,3.58
org_cli,Texas,13,1449.66,1119.47,1119.47,1148.11,0,0,0,0,0,0,0,0,135480.16,135498.31,135267.2,95321.38,45749.76,550319.56,547316.81,-3002.75,0,1148.11,0,188.71,4335.84,5.95,0,-3.47,54739.45,1109.27,54440.14,1100.1,-308.49,7.81,0,0,14.99,0,205.64,84.14,0,0,36.35,1.45,0.33,3.39
org_cli,Texas,14,1457.97,1125.89,1125.89,1154.7,0,0,0,0,0,0,0,0,134780.16,134798.14,134574.75,94806.5,45478.19,547316.81,544437.75,-2879.06,0,1154.7,0,189.8,4220.44,5.91,0,-3.48,54440.14,1100.1,54152.25,1092.12,-295.87,7.81,0,0,15.07,0,206.71,72.35,0,0,34.87,1.28,0.34,3.23
org_cli,Texas,15,1466.24,1132.27,1132.27,1161.24,0,0,0,0,0,0,0,0,134108.5,134126.34,133909.8,94310.45,45213.92,544437.75,541669,-2768.75,0,1161.24,0,190.87,4119.22,5.86,0,-3.49,54152.25,1092.12,53874.71,1085.64,-284.03,7.81,0,0,15.14,0,207.77,61.06,0,0,33.59,1.13,0.35,3.09
org_cli,Texas,16,1444.82,1138.61,1138.61,1167.75,0,0,0,0,0,0,0,0,133461.55,133479.38,133268.53,93830.59,44956.09,541669.06,538996.13,-2672.94,0,1167.75,0,191.94,4029.76,5.85,0,-3.5,53874.71,1085.64,53606.18,1083.81,-270.36,7.81,0,0,15.22,0,205.93,50.75,0,0,32.44,0.98,0.36,2.96
org_cli,Texas,17,1452.82,1144.92,1144.92,1174.22,0,0,0,0,0,0,0,0,132837.13,132854.89,132648.94,93365.57,44704.52,538996.13,536411.06,-2585.06,0,1174.22,0,193,3950.81,5.82,0,-3.51,53606.18,1083.81,53346,1083.43,-260.55,7.81,0,0,15.3,0,206.97,42.2,0,0,30.47,0.85,0.35,2.85
org_cli,Texas,18,1460.78,1113.46,1113.46,1141.95,0,0,0,0,0,0,0,0,132221.14,132238.66,132037.7,92908.23,44458.5,536411.06,533864.25,-2546.81,0,1141.95,0,188.33,3874.13,5.78,0,-3.52,53346,1083.43,53092.46,1086.6,-250.38,7.81,0,0,14.87,0,205.86,34.61,0,0,28.79,0.73,0.37,2.72
org_cli,Texas,19,1468.69,1119.49,1119.49,1148.14,0,0,0,0,0,0,0,0,131625.86,131643.22,131446.25,92464.84,44217.83,533864.25,531398,-2466.25,0,1148.14,0,189.35,3800.94,5.76,0,-3.52,53092.46,1086.6,52845.45,1090.47,-243.14,7.81,0,0,14.94,0,206.87,28.11,0,0,27.33,0.63,0.37,2.63
org_cli,Texas,20,1476.55,1125.49,1125.49,1154.29,0,0,0,0,0,0,0,0,131048.46,131065.7,130872.06,92033.39,43982.2,531398.06,529001.81,-2396.25,0,1154.29,0,190.36,3738.89,5.76,0,-3.53,52845.45,1090.47,52604.47,1095.48,-235.97,7.81,0,0,15.02,0,207.88,22.14,0,0,25.35,0.52,0.39,2.54