practice,Year ,GrainC1    ,LeafC1     ,StemC1     ,RootC1     ,GrainC2    ,LeafC2     ,StemC2     ,RootC2     ,GrainC3    ,LeafC3     ,StemC3     ,RootC3     ,SOC 0-10cm ,SOC 10-20cm,SOC 20-30cm,SOC 30-40cm,SOC 40-50cm,SOC 0-10cm ,SOC 10-20cm,SOC 20-30cm,SOC 30-40cm,SOC 40-50cm,IniSOC     ,End_SOC    ,dSOC       ,ShootLitterC_input,RootLitterC_input,ManureC_input,RootExudation_DOC,Soil-CO2   ,Leach_C    ,Runoff_C   ,CH4        ,IniSON     ,IniSIN     ,EndSON     ,EndSIN     ,dSN        ,Atmo_N_input,Fertilizer_N_input,Manure_N_input,Litter_N_input,N_fixation ,Crop_N_uptake,Leach_NO3  ,Runoff_SON ,Leach_DON  ,N2O_flux   ,NO_flux    ,N2_flux    ,NH3_flux   ,exchengeable-NH4,PET        ,Transpiration,Evaporation,WaterLeach ,Runoff     ,Irrigation ,Precipitation,DeepWater  ,MeanT      ,WindSpeed  ,ColdStress ,WaterStress,N_Stress   ,Cut_CropC  ,yr_end_grain,yr_end_leaf,yr_end_stem,yr_end_root,yr_end_stub,dSOC_kgCO2e,CH4_kgCO2e,N2O_kgCO2e,GWP
regen,3,87.93,83.9,331.58,167.81,113.13,4525.08,4525.08,2149.41,38.85,23.74,23.74,21.59,0.0307,0.0194,0.0189,0.0189,0.0189,32946.77,20845.39,20321.72,20324.85,30491.47,119781.95,124930.2,5148.26,4371.77,2182.64,1050,259.22,2716.16,0,0,-0.61,11259.06,8.79,11402.18,8.35,142.67,0,0,105,29.97,62.87,91.03,0.01,0,0,10.2,0.03,0.06,4.27,6.23,760.05,1674.33,5.32,26513.42,0,900,38408.34,72.42,28.02,2,1,0.56,0.43,0,0,0,951.73,332.86,16113.22,-18894.1142,-22.7164,4247.571429,-14669.25917
regen,4,87.92,83.9,331.56,167.79,112.7,4508,4508,2141.3,34.1,20.84,20.84,18.94,0.0361,0.0196,0.0189,0.0189,0.0189,38780.17,21025.43,20297.34,20301.25,30457.19,124930.21,130861.38,5931.16,5914.43,2174.61,1200,290.55,3649.06,0,0,-0.42,11402.18,8.35,11582.27,7.39,179.13,0,0,120,30.18,62.32,90.89,0.01,0,0,14.2,0.04,0.08,4.49,5.31,759.94,1672.14,5.17,26516.54,0,900,38408.34,72.42,28.02,2,1,0.56,0.43,0,0,0,1278.29,411.59,19580.08,-21767.3572,-15.6408,5913.285714,-15869.71229
regen,5,87.91,83.88,331.51,167.77,112.59,4503.77,4503.77,2139.29,0,0,0,0,0.0417,0.0198,0.0189,0.0189,0.0189,44711.13,21203.46,20273.18,20277.59,30422.71,130861.41,136888.08,6026.67,6962.65,2155.87,1350,316.16,4758.82,0,0,-0.44,11582.27,7.39,11788.27,6.58,205.19,0,0,135,30.04,61.76,91.34,0.01,0,0,17.25,0.05,0.11,5.04,4.52,759.84,574.23,5.65,27621.8,0,900,38408.34,72.42,28.02,2,1,0.55,0.45,0,0,0,1602.75,476.22,21916.41,-22117.8789,-16.3856,7183.392857,-14950.87164
regen,6,88.04,84,331.98,168.01,112.43,4497.35,4497.35,2136.24,0,0,0,0,0.0471,0.0199,0.0189,0.0189,0.0189,50508.5,21381.22,20249.25,20254.37,30388.87,136888.08,142782.2,5894.13,7678.88,2154.63,1500,337.42,5777.59,0,0,-0.45,11788.27,6.58,12013.59,5.94,224.68,0,0,150,30.27,61.2,92.15,0.01,0,0,20.25,0.06,0.13,5.53,3.9,759.73,1699.52,5.17,26481.11,0,900,38408.34,72.42,28.02,2,1,0.55,0.45,0,0,0,1925.32,529.54,23526.11,-21631.4571,-16.758,8432.678571,-13215.53653
regen,7,87.98,83.95,331.78,167.9,112.83,4513.25,4513.25,2143.79,0,0,0,0,0.0521,0.0201,0.0188,0.0188,0.0189,55945.25,21559.91,20225.53,20231.37,30355.33,142782.2,148317.39,5535.19,8176.69,2163.76,1500,355.28,6661.32,0.01,0,-0.46,12013.59,5.94,12248.03,5.11,233.6,0,0,150,30.58,61.44,92.46,0.01,0,0,21.31,0.06,0.16,5.15,3.11,759.63,1699.73,5.17,26480.83,0,900,38408.34,72.42,28.02,2,1,0.55,0.46,0,0,0,2245.03,573.22,24672.76,-20314.1473,-17.1304,8874.092857,-11457.18484
regen,8,87.88,83.86,331.4,167.71,113.15,4526.1,4526.1,2149.9,0,0,0,0,0.0568,0.0203,0.0188,0.0188,0.0188,60996.01,21739.55,20202.05,20208.61,30322.14,148317.38,153468.36,5150.98,8532.51,2171.14,1500,369.98,7423.5,0.01,0,-0.47,12248.03,5.11,12488.28,4.58,239.72,0,0,150,30.84,61.68,92.61,0.01,0,0,22.6,0.06,0.19,4.74,2.61,759.52,1698.96,5.17,26481.41,0,900,38408.34,72.42,28.02,2,1,0.54,0.47,0,0,0,2561.4,608.91,25492.38,-18904.0966,-17.5028,9411.285714,-9510.313686
regen,9,87.82,83.79,331.15,167.59,112.32,4492.93,4492.93,2134.14,0,0,0,0,0.0612,0.0204,0.0188,0.0188,0.0188,65651.2,21917.32,20178.75,20186.01,30289.14,153468.36,158222.42,4754.06,8780.53,2156.33,1500,382.05,8065.71,0.01,0,-0.48,12488.28,4.58,12731.76,4.43,243.33,0,0,150,30.84,61.1,92.4,0.01,0,0,23.38,0.06,0.22,4.53,2.44,759.42,1695.89,5.17,26484.29,0,900,38408.34,72.42,28.02,2,1,0.53,0.48,0,0,0,2874.27,638.04,25999.92,-17447.4002,-17.8752,9736.1,-7729.1754
regen,10,88.19,84.16,332.58,168.31,112.86,4514.49,4514.49,2144.38,28.96,17.7,17.7,16.09,0.0652,0.0206,0.0188,0.0188,0.0188,69989.59,22097.36,20155.51,20163.48,30256.21,158222.39,162662.17,4439.78,8955.5,2183.53,1500,393.2,8593.26,0.01,0,-0.49,12731.76,4.43,12977.79,4.38,245.97,0,0,150,31.48,61.34,93.3,0.01,0,0,24.17,0.06,0.25,4.43,2.39,759.32,1677.29,5.17,26511.28,0,900,38408.34,72.42,28.02,2,1,0.53,0.49,0,0,0,3185.04,662.47,26444.78,-16293.9926,-18.2476,10065.07857,-6247.161629
regen,11,88.03,84,331.97,168,113.37,4534.84,4534.84,2154.05,32.49,19.85,19.85,18.05,0.069,0.0208,0.0188,0.0188,0.0188,74050.71,22278.36,20132.38,20141.03,30223.4,162662.17,166825.89,4163.72,9100.08,2195.86,1500,402.28,9035.38,0.01,0,-0.5,12977.79,4.38,13225.54,4.38,247.75,0,0,150,31.76,61.57,94.2,0.01,0,0,24.97,0.07,0.27,4.38,2.39,759.22,1680.87,5.16,26507.55,0,900,38408.34,72.42,28.02,2,1,0.51,0.48,0,0,0,3491.38,682.15,26797.58,-15280.8524,-18.62,10398.22143,-4901.250971
regen,12,87.97,83.94,331.73,167.88,112.55,4501.9,4501.9,2138.4,36.35,22.21,22.21,20.19,0.0725,0.0209,0.0187,0.0187,0.0188,77841.56,22457.49,20109.26,20118.56,30190.63,166825.89,170717.5,3891.61,9207.73,2182.83,1500,409.44,9409.3,0.01,0,-0.51,13225.54,4.38,13474.14,4.43,248.65,0,0,150,31.77,60.98,94.4,0.01,0,0,25.43,0.07,0.31,4.35,2.42,759.12,1680.07,5.16,26508.2,0,900,38408.34,72.42,28.02,2,1,0.5,0.5,0,0,0,3793.41,698.08,26988.59,-14282.2087,-18.9924,10589.77857,-3711.422529
regen,13,87.87,83.84,331.34,167.68,113.18,4527.09,4527.09,2150.37,40.74,24.9,24.9,22.63,0.0759,0.0211,0.0187,0.0187,0.0187,81422.41,22637.59,20086.12,20096.02,30157.96,170717.53,174400.09,3682.56,9276.5,2197.69,1500,415.77,9708.28,0.01,0,-0.51,13474.14,4.43,13722.94,4.48,248.85,0,0,150,32.08,61.2,95.59,0.01,0,0,25.91,0.07,0.34,4.36,2.46,759.03,1685.4,5.16,26502.74,0,900,38408.34,72.42,28.02,2,1,0.49,0.52,0,0,0,4090.72,710.85,27175.73,-13514.9952,-18.9924,10789.66429,-2744.323314
regen,14,88.17,84.13,332.47,168.25,113.67,4546.89,4546.89,2159.77,45.04,27.53,27.53,25.02,0.079,0.0213,0.0187,0.0187,0.0187,84840.91,22818.4,20062.98,20073.45,30125.46,174400.11,177921.2,3521.09,9344.15,2209.87,1500,421.07,9954.91,0.01,0,-0.52,13722.94,4.48,13971.92,4.54,249.04,0,0,150,32.37,61.43,96.56,0,0,0,26.53,0.07,0.38,4.39,2.51,758.93,1689.33,5.16,26498.65,0,900,38408.34,72.42,28.02,2,1,0.48,0.53,0,0,0,4384.55,721.7,27350.05,-12922.4003,-19.3648,11047.85,-1893.9151
regen,15,87.87,83.85,331.37,167.7,112.71,4508.56,4508.56,2141.57,49.42,30.2,30.2,27.46,0.0821,0.0214,0.0187,0.0187,0.0187,88093.21,22997.31,20039.76,20050.89,30093.1,177921.2,181274.28,3353.08,9396.75,2194.3,1500,425.2,10164.01,0.01,0,-0.52,13971.92,4.54,14220.6,4.63,248.77,0,0,150,32.33,60.82,96.51,0,0,0,27.16,0.07,0.42,4.45,2.57,758.84,1686.99,5.16,26500.86,0,900,38408.34,72.42,28.02,2,1,0.47,0.55,0,0,0,4672.44,730.01,27408.19,-12305.8036,-19.3648,11310.2,-1014.9684
regen,16,88.05,84.01,332.02,168.03,113.29,4531.67,4531.67,2152.54,54.19,33.12,33.12,30.1,0.085,0.0216,0.0186,0.0187,0.0187,91231.91,23177.05,20016.38,20028.29,30060.69,181274.28,184514.33,3240.05,9425.93,2208.17,1500,429.08,10324.19,0.01,0,-0.53,14220.6,4.63,14468.75,4.69,248.21,0,0,150,32.63,61.04,97.63,0,0,0,27.59,0.07,0.46,4.49,2.63,758.75,1401.85,5.63,26786.33,0,900,38408.34,72.42,28.02,2,1,0.46,0.56,0,0,0,4955.9,736.98,27499.93,-11890.9835,-19.7372,11489.26429,-421.4564143
regen,17,88.43,84.38,333.49,168.77,113.64,4545.59,4545.59,2159.16,58.11,35.51,35.51,32.28,0.0879,0.0218,0.0186,0.0186,0.0187,94296.08,23356.45,19993,20005.85,30028.5,184514.33,187679.88,3165.55,9464.11,2217.18,1500,432.37,10449.12,0.01,0,-0.54,14468.75,4.69,14716.38,4.77,247.71,0,0,150,32.89,61.27,98.26,0,0,0,28.61,0.07,0.49,4.53,2.7,758.65,1403.62,5.63,26784.53,0,900,38408.34,72.42,28.02,2,1,0.46,0.58,0,0,0,5235.51,743.24,27596.49,-11617.5685,-20.1096,11914.02143,276.3433286
regen,18,88.18,84.14,332.52,168.28,112.69,4507.74,4507.74,2141.18,61.12,37.35,37.35,33.96,0.0906,0.0219,0.0186,0.0186,0.0186,97265.54,23532.99,19969.63,19983.41,29996.32,187679.86,190747.89,3068.03,9493.21,2200.94,1500,434.83,10561.9,0.01,0,-0.54,14716.39,4.77,14963.42,4.87,247.14,0,0,150,32.83,60.64,98.07,0,0,0,29.11,0.07,0.53,4.62,2.76,758.57,1288.94,5.62,26907.14,0,900,38408.34,72.42,28.02,2,1,0.45,0.59,0,0,0,5508.62,747.86,27599,-11259.6701,-20.1096,12122.23571,842.4560143
regen,19,88.19,84.15,332.56,168.3,113.19,4527.78,4527.78,2150.69,64.22,39.25,39.25,35.68,0.0933,0.0221,0.0186,0.0186,0.0186,100181.73,23709.4,19946.39,19961.13,29964.2,190747.91,193762.86,3014.95,9504.5,2212.31,1500,437.26,10640.45,0.01,0,-0.54,14963.42,4.87,15209.76,5,246.47,0,0,150,33.09,60.85,98.78,0,0,0,29.63,0.08,0.56,4.69,2.83,758.48,587.99,5.61,27608.13,0,900,38408.34,72.42,28.02,2,1,0.45,0.6,0,0,0,5776.04,751.64,27643.44,-11064.8665,-20.1096,12338.77857,1253.802471
regen,20,88.53,84.48,333.86,168.96,113.69,4547.71,4547.71,2160.16,67.11,41.01,41.01,37.28,0.0953,0.0223,0.0186,0.0186,0.0186,102269.41,23886.68,19923.3,19938.96,29932.19,193762.84,195950.55,2187.7,8727.97,2223.51,1500,439.44,10704.47,0.01,0,-0.55,15209.76,5,15439.98,5.14,230.36,0,0,150,33.36,61.07,99.5,0,0,0,30.15,0.08,0.59,4.79,2.9,758.39,590.21,5.6,27605.98,0,900,38408.34,72.42,28.02,2,1,0.45,0.6,0,0,0,6038.82,755.27,19308.69,-8028.859,-20.482,12555.32143,4505.980429
halfcompost,3,86.29,82.34,325.42,164.68,112.68,4507.13,4507.13,2140.89,0,0,0,0,0.0299,0.0194,0.0189,0.0189,0.0189,32095.29,20844.57,20322.72,20325.92,30492.91,119389.44,124081.41,4691.97,4349.81,2152.45,525,254.55,2590.7,0,0,-0.66,11241.62,3.37,11361.01,3.27,119.3,0,0,35,29.31,62.87,87.63,0,0,0,2.62,0,0.05,0.5,1.45,760.05,1677.08,5.88,26502.16,0,900,38408.34,72.42,28.02,2,1,0.59,0.35,0,0,0,945.58,330.46,16009.29,-17219.5299,-24.5784,1091.042857,-16153.06544
halfcompost,4,86.62,82.65,326.64,165.31,112.17,4486.71,4486.71,2131.19,0,0,0,0,0.0349,0.0196,0.0189,0.0189,0.0189,37460.17,21023.86,20299.17,20303.24,30460,124081.41,129546.45,5465.04,5862.61,2145.42,600,285.19,3428.86,0,0,-0.42,11361.01,3.27,11512.75,3.33,151.79,0,0,40,29.57,62.32,87.83,0,0,0,4.32,0.01,0.08,0.47,1.48,759.95,1676.69,5.17,26504.07,0,900,38408.34,72.42,28.02,2,1,0.59,0.35,0,0,0,1267.27,407.79,19406.5,-20056.6968,-15.6408,1798.971429,-18273.36617
halfcompost,5,87.98,83.95,331.77,167.9,111.94,4477.54,4477.54,2126.83,0,0,0,0,0.04,0.0198,0.0189,0.0189,0.0189,42916.89,21202.15,20275.62,20280.28,30426.66,129546.44,135101.59,5555.16,6905.01,2143.32,675,311.3,4480.3,0,0,-0.43,11512.75,3.33,11687.26,3.39,174.58,0,0,45,29.9,61.76,88.96,0,0,0,5.43,0.01,0.12,0.59,1.52,759.84,560.15,5.65,27635.87,0,900,38408.34,72.42,28.02,2,1,0.59,0.37,0,0,0,1592.04,473.54,21747.45,-20387.4372,-16.0132,2261.207143,-18142.24326
halfcompost,6,87.61,83.59,330.37,167.19,113.31,4532.27,4532.27,2152.83,0,0,0,0,0.045,0.0199,0.0189,0.0189,0.0189,48250.34,21382.61,20252.16,20257.59,30393.71,135101.59,140536.41,5434.81,7632.44,2171.23,750,333.95,5453.64,0,0,-0.45,11687.26,3.39,11878.63,3.45,191.42,0,0,50,30.42,62.01,91.02,0,0,0,6.42,0.02,0.15,0.74,1.57,759.74,1693.41,5.17,26487.25,0,900,38408.34,72.42,28.02,2,1,0.58,0.38,0,0,0,1913.06,526.95,23473.4,-19945.7527,-16.758,2673.471429,-17289.03927
halfcompost,7,87.68,83.67,330.66,167.34,112.29,4491.5,4491.5,2133.46,0,0,0,0,0.0496,0.0201,0.0188,0.0189,0.0189,53245.68,21560.87,20228.8,20235,30360.88,140536.41,145631.25,5094.84,8156.08,2153.34,750,351.91,6317.29,0.01,0,-0.46,11878.63,3.45,12079.26,3.53,200.71,0,0,50,30.44,61.44,90.56,0,0,0,6.95,0.02,0.18,0.83,1.63,759.63,1688.57,5.17,26492,0,900,38408.34,72.42,28.02,2,1,0.58,0.4,0,0,0,2231.72,570.92,24595.96,-18698.0628,-17.1304,2894.178571,-15821.01463
halfcompost,8,88.1,84.07,332.24,168.14,112.75,4510.15,4510.15,2142.32,0,0,0,0,0.0539,0.0203,0.0188,0.0188,0.0188,57881.79,21739.91,20205.54,20212.52,30328.18,145631.27,150367.94,4736.67,8506.57,2163.52,750,367.32,7051.45,0.01,0,-0.47,12079.26,3.53,12285.8,3.59,206.61,0,0,50,30.76,61.68,91.24,0,0,0,7.44,0.02,0.21,0.94,1.68,759.53,1690.92,5.17,26489.54,0,900,38408.34,72.42,28.02,2,1,0.57,0.42,0,0,0,2549,607.64,25409.58,-17383.5789,-17.5028,3098.228571,-14302.85313
halfcompost,9,88.13,84.1,332.35,168.19,113.4,4535.82,4535.82,2154.51,0,0,0,0,0.0579,0.0204,0.0188,0.0188,0.0188,62178.87,21919.92,20182.37,20190.11,30295.54,150367.92,154766.81,4398.89,8763.3,2176.79,750,380.5,7672.67,0.01,0,-0.48,12285.8,3.59,12496.38,3.66,210.64,0,0,50,31.07,61.92,92.17,0,0,0,7.74,0.02,0.23,1.03,1.74,759.43,1694.92,5.17,26485.36,0,900,38408.34,72.42,28.02,2,1,0.56,0.44,0,0,0,2863.14,637.75,26021.74,-16143.9263,-17.8752,3223.157143,-12938.64436
halfcompost,10,87.82,83.8,331.18,167.6,112.58,4503.18,4503.18,2139.01,0,0,0,0,0.0616,0.0206,0.0188,0.0188,0.0188,66138.29,22098.03,20159.27,20167.76,30262.94,154766.81,158826.3,4059.48,8947.75,2162.05,750,391.2,8192.33,0.01,0,-0.48,12496.38,3.66,12709.25,3.75,212.96,0,0,50,31.05,61.34,92.07,0,0,0,8.19,0.02,0.25,1.14,1.81,759.33,1692.5,5.17,26487.62,0,900,38408.34,72.42,28.02,2,1,0.54,0.46,0,0,0,3172.59,661.85,26386.27,-14898.2916,-17.8752,3410.55,-11505.6168
halfcompost,11,87.8,83.78,331.09,167.55,113.18,4527.27,4527.27,2150.45,0,0,0,0,0.065,0.0208,0.0188,0.0188,0.0188,69809.84,22277.11,20136.25,20145.46,30230.38,158826.31,162599.03,3772.72,9067.27,2174.2,750,400.37,8619.79,0.01,0,-0.49,12709.25,3.75,12923.35,3.82,214.17,0,0,50,31.31,61.57,92.93,0,0,0,8.61,0.02,0.28,1.26,1.88,759.23,1696.08,5.16,26484.57,0,900,38408.34,72.42,28.02,2,1,0.53,0.48,0,0,0,3478.15,681.44,26683.83,-13845.8824,-18.2476,3585.45,-10278.68
halfcompost,12,87.93,83.91,331.59,167.81,112.34,4493.58,4493.58,2134.45,27.91,17.06,17.06,15.51,0.0682,0.0209,0.0187,0.0187,0.0188,73236.22,22455.82,20113.26,20123.18,30197.8,162599.02,166126.27,3527.25,9167.9,2174.18,750,408.38,8974.22,0.01,0,-0.5,12923.35,3.82,13138.58,3.92,215.33,0,0,50,31.62,60.98,92.94,0,0,0,9,0.02,0.3,1.37,1.94,759.13,1671.96,5.16,26516.45,0,900,38408.34,72.42,28.02,2,1,0.51,0.48,0,0,0,3780.15,697.58,26878.92,-12945.0075,-18.62,3747.857143,-9215.770357
halfcompost,13,88.18,84.14,332.51,168.28,112.91,4516.3,4516.3,2145.24,31.96,19.53,19.53,17.75,0.0712,0.0211,0.0187,0.0187,0.0187,76458.91,22635.4,20090.31,20100.91,30165.21,166126.27,169450.75,3324.48,9238.03,2187.7,750,414.79,9266.88,0.01,0,-0.5,13138.58,3.92,13354.45,3.99,215.95,0,0,50,31.93,61.2,94.04,0,0,0,9.19,0.03,0.32,1.46,2.01,759.03,1676.72,5.16,26511.57,0,900,38408.34,72.42,28.02,2,1,0.51,0.49,0,0,0,4078.72,711.11,27063.68,-12200.8416,-18.62,3826.978571,-8392.483029
halfcompost,14,87.88,83.85,331.38,167.7,113.57,4542.76,4542.76,2157.81,35.85,21.91,21.91,19.91,0.0741,0.0213,0.0187,0.0187,0.0187,79524.13,22815.99,20067.39,20078.61,30132.63,169450.77,172618.75,3167.98,9304.78,2202.8,750,420.3,9510.68,0.01,0,-0.51,13354.45,3.99,13570.83,4.07,216.46,0,0,50,32.22,61.43,95.19,0,0,0,9.29,0.03,0.36,1.58,2.08,758.94,1681.93,5.16,26506.23,0,900,38408.34,72.42,28.02,2,1,0.49,0.51,0,0,0,4371.58,721.6,27247.92,-11626.4866,-18.9924,3868.621429,-7776.857571
halfcompost,15,87.98,83.95,331.78,167.91,112.62,4504.75,4504.75,2139.76,39.73,24.28,24.28,22.07,0.0768,0.0214,0.0187,0.0187,0.0187,82436.86,22994.45,20044.48,20056.27,30100.15,172618.73,175632.22,3013.48,9361.04,2187.12,750,424.33,9710.09,0.01,0,-0.52,13570.83,4.07,13787.27,4.16,216.53,0,0,50,32.19,60.82,95.17,0,0,0,9.6,0.03,0.39,1.69,2.15,758.84,1679.79,5.16,26508.24,0,900,38408.34,72.42,28.02,2,1,0.49,0.52,0,0,0,4660,730.28,27312.58,-11059.4716,-19.3648,3997.714286,-7081.122114
halfcompost,16,88.06,84.02,332.06,168.05,113.11,4524.43,4524.43,2149.11,43.85,26.8,26.8,24.36,0.0794,0.0216,0.0187,0.0187,0.0187,85233.38,23173.76,20021.56,20033.88,30067.84,175632.22,178530.42,2898.2,9391.16,2199,750,428.24,9871.2,0.01,0,-0.52,13787.27,4.16,14003.48,4.23,216.28,0,0,50,32.47,61.04,96.07,0,0,0,9.92,0.03,0.42,1.8,2.21,758.75,1683.36,5.16,26504.53,0,900,38408.34,72.42,28.02,2,1,0.48,0.53,0,0,0,4943.62,737.41,27401.36,-10636.394,-19.3648,4130.971429,-6524.787371
halfcompost,17,88.06,84.02,332.07,168.05,113.61,4544.3,4544.3,2158.54,47.73,29.17,29.17,26.52,0.0819,0.0218,0.0186,0.0186,0.0187,87950.59,23353.99,19998.62,20011.5,30035.72,178530.42,181350.41,2819.98,9428.68,2210.8,750,431.62,10002.03,0.01,0,-0.53,14003.47,4.23,14219.59,4.31,216.19,0,0,50,32.73,61.27,96.93,0,0,0,10.23,0.03,0.45,1.91,2.28,758.66,1686.74,5.16,26501.55,0,900,38408.34,72.42,28.02,2,1,0.47,0.55,0,0,0,5221.95,743.15,27506.79,-10349.3266,-19.7372,4260.064286,-6108.999514
halfcompost,18,88.04,84.01,332,168.02,112.63,4505.07,4505.07,2139.91,51.8,31.66,31.66,28.78,0.0844,0.0219,0.0186,0.0186,0.0186,90579.68,23532.04,19975.53,19989.03,30003.52,181350.41,184079.8,2729.39,9461.14,2194.5,750,434.05,10111.25,0.01,0,-0.53,14219.59,4.31,14435.27,4.51,215.88,0,0,50,32.69,60.64,96.86,0,0,0,10.44,0.03,0.48,2.01,2.35,758.57,1394.09,5.63,26794.04,0,900,38408.34,72.42,28.02,2,1,0.46,0.56,0,0,0,5494.69,747.72,27514.86,-10016.8613,-19.7372,4347.514286,-5689.084214
halfcompost,19,88.18,84.14,332.51,168.28,113.03,4521.31,4521.31,2147.62,57.38,35.06,35.06,31.88,0.0868,0.0221,0.0186,0.0186,0.0186,93160.51,23710.77,19952.35,19966.72,29971.55,184079.8,186761.89,2682.09,9474.7,2205.44,750,436.58,10185.85,0.01,0,-0.53,14435.27,4.51,14650.29,4.48,214.98,0,0,50,32.97,60.85,97.7,0,0,0,11.15,0.03,0.51,2.08,2.41,758.48,1397.12,5.63,26790.99,0,900,38408.34,72.42,28.02,2,1,0.46,0.57,0,0,0,5762.22,751.61,27560.62,-9843.2703,-19.7372,4643.178571,-5219.828929
halfcompost,20,88.38,84.33,333.27,168.66,113.55,4541.91,4541.91,2157.41,59.78,36.53,36.53,33.21,0.0884,0.0223,0.0186,0.0186,0.0186,94931.79,23889.47,19929.14,19944.44,29939.63,186761.89,188634.47,1872.58,8699.22,2216.68,750,438.83,10233.35,0.01,0,-0.54,14650.29,4.48,14849.34,4.55,199.12,0,0,50,33.23,61.07,98.45,0,0,0,11.41,0.03,0.54,2.19,2.48,758.4,1288.13,5.62,26908,0,900,38408.34,72.42,28.02,2,1,0.45,0.59,0,0,0,6024.57,755.04,19237.86,-6872.3686,-20.1096,4751.45,-2141.0282
nocompost,3,80.89,77.19,305.05,154.38,109.86,4394.53,4394.53,2087.4,0,0,0,0,0.0289,0.0194,0.0189,0.0189,0.0189,31017.1,20843.6,20324.17,20328.1,30496.27,118877.17,123009.24,4132.07,4320.25,2098.31,0,235.93,2523.39,0,0,-0.76,11213.96,3.25,11312.43,3.16,98.38,0,0,0,28.33,65.29,75.92,0,0,0,0,0,0.02,0.07,1.41,760.07,1603.04,7.12,26574.99,0,900,38408.34,72.42,28.02,2,1,0.59,0.3,0,0,0,868.06,303.36,15803.62,-15164.6969,-28.3024,0,-15192.9993
nocompost,4,81.13,77.41,305.93,154.82,110.37,4414.93,4414.93,2097.09,0,0,0,0,0.0334,0.0196,0.0189,0.0189,0.0189,35857.8,21020.7,20301.09,20306.25,30464.63,123009.25,127950.47,4941.22,5775.93,2110.64,0,264.96,3211.01,0,0,-0.43,11312.43,3.16,11439.41,3.18,127,0,0,0,28.78,65.55,76.3,0,0,0,0,0,0.03,0.09,1.43,759.97,1604.11,5.17,26576.58,0,900,38408.34,72.42,28.02,2,1,0.59,0.3,0,0,0,1169.42,376.88,19131.04,-18134.2774,-16.0132,0,-18150.2906
nocompost,5,82.21,78.44,310,156.88,110.91,4436.2,4436.2,2107.2,0,0,0,0,0.038,0.0198,0.0189,0.0189,0.0189,40797.13,21198.65,20278.06,20284.19,30432.68,127950.46,132990.72,5040.26,6801.65,2122.98,0,289.44,4174.6,0,0,-0.43,11439.41,3.18,11586.11,3.22,146.73,0,0,0,29.23,65.81,77.07,0,0,0,0.01,0,0.05,0.13,1.46,759.88,485.56,5.65,27710.47,0,900,38408.34,72.42,28.02,2,1,0.59,0.31,0,0,0,1472.94,439.05,21479.83,-18497.7542,-16.0132,4.164285714,-18509.60311
nocompost,6,83.29,79.47,314.07,158.94,111.45,4457.99,4457.99,2117.54,0,0,0,0,0.0425,0.0199,0.0189,0.0189,0.0189,45587.2,21377.56,20255.17,20262.5,30401.24,132990.73,137883.67,4892.94,7528.38,2135.22,0,310.3,5081.78,0,0,-0.44,11586.11,3.22,11746.65,3.26,160.58,0,0,0,29.66,66.08,77.81,0,0,0,0.01,0,0.08,0.18,1.5,759.78,1610.39,5.17,26570.27,0,900,38408.34,72.42,28.02,2,1,0.59,0.32,0,0,0,1778.32,491.88,23150.32,-17957.0898,-16.3856,4.164285714,-17969.31111
nocompost,7,84.82,80.93,319.85,161.87,112,4480.1,4480.1,2128.05,0,0,0,0,0.0467,0.0201,0.0188,0.0189,0.0189,50118.13,21557.47,20232.36,20240.88,30369.88,137883.66,142518.72,4635.06,8048.86,2147.38,0,328.34,5890.33,0,0,-0.45,11746.65,3.26,11916.74,3.31,170.14,0,0,0,30.08,66.34,78.74,0,0,0,0.02,0,0.12,0.24,1.54,759.68,1614.51,5.17,26566.09,0,900,38408.34,72.42,28.02,2,1,0.59,0.34,0,0,0,2086.95,537.74,24350.64,-17010.6702,-16.758,8.328571429,-17019.09963
nocompost,8,86.63,82.66,326.67,165.32,112.56,4502.56,4502.56,2138.71,0,0,0,0,0.0506,0.0203,0.0188,0.0188,0.0188,54351.56,21738.42,20209.63,20219.32,30338.59,142518.7,146857.53,4338.83,8426.41,2159.5,0,344.26,6592.19,0,0,-0.46,11916.74,3.31,12093.48,3.36,176.79,0,0,0,30.51,66.6,79.76,0,0,0,0.04,0,0.15,0.31,1.59,759.58,1619.09,5.17,26561.44,0,900,38408.34,72.42,28.02,2,1,0.59,0.35,0,0,0,2399.54,578.3,25225.25,-15923.5061,-17.1304,16.65714286,-15923.97936
nocompost,9,87.88,83.86,331.41,167.72,113.18,4527.15,4527.15,2150.4,0,0,0,0,0.0543,0.0204,0.0188,0.0188,0.0188,58287.46,21920.5,20186.99,20197.82,30307.37,146857.52,150900.13,4042.61,8703.94,2172.45,0,358.66,7193.39,0.01,0,-0.47,12093.48,3.36,12274.82,3.41,181.39,0,0,0,30.9,66.86,80.84,0,0,0,0.08,0,0.17,0.39,1.64,759.48,1624.07,5.17,26556.31,0,900,38408.34,72.42,28.02,2,1,0.59,0.37,0,0,0,2713.7,613.58,25877.77,-14836.3787,-17.5028,33.31428571,-14820.56721
nocompost,10,88.1,84.07,332.23,168.13,112.46,4498.4,4498.4,2136.74,0,0,0,0,0.0577,0.0206,0.0188,0.0188,0.0188,61914.45,22101.09,20164.42,20176.36,30276.18,150900.14,154632.48,3732.34,8902.4,2159.73,0,371.52,7702.29,0.01,0,-0.48,12274.82,3.41,12458.86,3.49,184.12,0,0,0,30.94,66.28,81.09,0,0,0,0.12,0,0.19,0.47,1.7,759.38,1623.88,5.17,26556.33,0,900,38408.34,72.42,28.02,2,1,0.57,0.39,0,0,0,3025.21,642.78,26277.51,-13697.6878,-17.8752,49.97142857,-13665.59157
nocompost,11,88.08,84.05,332.16,168.1,113.21,4528.6,4528.6,2151.08,0,0,0,0,0.0608,0.0208,0.0188,0.0188,0.0188,65277.65,22283.1,20141.92,20154.94,30245.02,154632.5,158102.63,3470.13,9033.72,2174.94,0,382.64,8122.04,0.01,0,-0.48,12458.86,3.49,12644.5,3.55,185.7,0,0,0,31.26,66.53,82.28,0,0,0,0.17,0,0.21,0.55,1.76,759.27,1629.72,5.17,26550.33,0,900,38408.34,72.42,28.02,2,1,0.56,0.42,0,0,0,3332.91,666.55,26610.81,-12735.3771,-17.8752,70.79285714,-12682.45944
nocompost,12,87.99,83.96,331.79,167.91,112.57,4502.8,4502.8,2138.83,0,0,0,0,0.0637,0.0209,0.0187,0.0188,0.0188,68393.78,22463.77,20119.47,20133.55,30213.85,158102.63,161324.44,3221.81,9134.96,2163.27,0,391.92,8469.49,0.01,0,-0.49,12644.5,3.55,12830.89,3.63,186.47,0,0,0,31.27,65.95,82.58,0,0,0,0.22,0,0.22,0.64,1.81,759.18,1629.9,5.16,26550.71,0,900,38408.34,72.42,28.02,2,1,0.54,0.44,0,0,0,3636.23,685.74,26794.42,-11824.0427,-18.2476,91.61428571,-11750.67601
nocompost,13,88.01,83.97,331.87,167.95,113.36,4534.55,4534.55,2153.91,0,0,0,0,0.0664,0.0211,0.0187,0.0187,0.0187,71315.27,22645.94,20097.1,20112.2,30182.66,161324.44,164353.17,3028.73,9201.04,2178.91,0,399.92,8752.16,0.01,0,-0.5,12830.89,3.63,13017.55,3.7,186.72,0,0,0,31.57,66.2,83.81,0,0,0,0.28,0,0.24,0.73,1.87,759.08,1635.94,5.16,26544.53,0,900,38408.34,72.42,28.02,2,1,0.52,0.46,0,0,0,3935.35,701.32,26980.58,-11115.4391,-18.62,116.6,-11017.4591
nocompost,14,88.18,84.14,332.52,168.28,112.68,4507.28,4507.28,2140.96,27.74,16.95,16.95,15.41,0.069,0.0213,0.0187,0.0187,0.0187,74076.55,22828.11,20074.72,20090.82,30151.37,164353.17,167221.58,2868.41,9269.2,2181.72,0,407.07,8990.63,0.01,0,-0.5,13017.55,3.7,13204.82,3.78,187.35,0,0,0,31.9,65.61,84.07,0,0,0,0.35,0,0.25,0.82,1.93,758.98,1613.65,5.16,26574.66,0,900,38408.34,72.42,28.02,2,1,0.51,0.48,0,0,0,4230.59,714.22,27109.88,-10527.0647,-18.62,145.75,-10399.9347
nocompost,15,88.2,84.16,332.61,168.33,113.31,4532.35,4532.35,2152.87,31.2,19.07,19.07,17.33,0.0715,0.0214,0.0187,0.0187,0.0187,76706.24,23011.43,20052.37,20069.42,30120,167221.58,169959.47,2737.89,9319.39,2195.93,0,412.42,9191.12,0.01,0,-0.51,13204.82,3.78,13392.51,3.84,187.75,0,0,0,32.2,65.85,85.13,0,0,0,0.42,0,0.28,0.91,1.99,758.89,1618.45,5.16,26569.75,0,900,38408.34,72.42,28.02,2,1,0.5,0.5,0,0,0,4521.13,724.75,27252.25,-10048.0563,-18.9924,174.9,-9892.1487
nocompost,16,88.19,84.15,332.57,168.31,112.49,4499.62,4499.62,2137.32,34.52,21.1,21.1,19.18,0.0738,0.0216,0.0187,0.0187,0.0187,79207.23,23193.09,20030.02,20047.96,30088.59,169959.45,172566.88,2607.42,9363.51,2182.42,0,416.8,9356.45,0.01,0,-0.51,13392.51,3.84,13580.17,3.93,187.74,0,0,0,32.2,65.25,85.25,0,0,0,0.51,0,0.3,1,2.05,758.79,1617.48,5.16,26570.59,0,900,38408.34,72.42,28.02,2,1,0.49,0.51,0,0,0,4806.61,733.26,27296.61,-9569.2314,-18.9924,212.3785714,-9375.845229
nocompost,17,88.13,84.09,332.32,168.18,113.11,4524.41,4524.41,2149.09,38.03,23.24,23.24,21.13,0.076,0.0218,0.0186,0.0187,0.0187,81617.76,23375.91,20007.67,20026.43,30057.2,172566.88,175084.97,2518.09,9387.98,2196.39,0,420.72,9488.29,0.01,0,-0.52,13580.17,3.93,13767.67,3.99,187.56,0,0,0,32.48,65.49,86.26,0,0,0,0.59,0,0.32,1.09,2.11,758.7,1622.05,5.16,26565.9,0,900,38408.34,72.42,28.02,2,1,0.48,0.52,0,0,0,5086.58,740.04,27379.65,-9241.3903,-19.3648,245.6928571,-9015.062243
nocompost,18,87.99,83.96,331.79,167.91,113.73,4549.19,4549.19,2160.86,41.37,25.28,25.28,22.98,0.0782,0.022,0.0186,0.0186,0.0186,83972.43,23559.86,19985.3,20004.82,30025.91,175084.98,177548.33,2463.34,9424.28,2210.2,0,424.06,9596.42,0.01,0,-0.52,13767.67,3.99,13955.21,4.05,187.61,0,0,0,32.76,65.72,87.24,0,0,0,0.69,0,0.35,1.19,2.17,758.61,1626.4,5.16,26561.43,0,900,38408.34,72.42,28.02,2,1,0.47,0.53,0,0,0,5360.57,745.27,27489.14,-9040.4578,-19.3648,287.3357143,-8772.486886
nocompost,19,88.29,84.25,332.94,168.49,112.86,4514.45,4514.45,2144.36,44.64,27.28,27.28,24.8,0.0804,0.0221,0.0186,0.0186,0.0186,86263.02,23742.07,19962.9,19983.13,29994.73,177548.33,179945.86,2397.53,9459.23,2195.58,0,426.67,9685.3,0.01,0,-0.52,13955.21,4.05,14142.49,4.13,187.37,0,0,0,32.75,65.11,87.31,0,0,0,0.78,0,0.37,1.28,2.23,758.52,1625.1,5.16,26563.14,0,900,38408.34,72.42,28.02,2,1,0.47,0.54,0,0,0,5630.02,749.97,27506.88,-8798.9351,-19.3648,324.8142857,-8493.485614
nocompost,20,88.02,83.99,331.94,167.98,113.47,4538.74,4538.74,2155.9,48.14,29.42,29.42,26.75,0.0817,0.0223,0.0186,0.0186,0.0186,87735.25,23925.41,19940.42,19961.44,29963.66,179945.84,181526.17,1580.33,8675.87,2209.18,0,429.29,9735.14,0.01,0,-0.53,14142.49,4.13,14313.81,4.2,171.38,0,0,0,33.03,65.34,88.25,0,0,0,0.88,0,0.39,1.37,2.28,758.44,1629.23,5.16,26558.66,0,900,38408.34,72.42,28.02,2,1,0.46,0.55,0,0,0,5892.6,753.29,19179.37,-5799.8111,-19.7372,366.4571429,-5453.091157
organic,3,87.87,83.84,331.35,167.69,0,0,0,0,0,0,0,0,0.0206,0.0189,0.0189,0.0189,0.0189,26012.77,23784.38,23788.16,23792.24,35694.2,132724.22,133071.75,347.53,178.83,17.21,585,167.43,603.02,0.01,0,-1.6,13139.9,8.33,13174.43,8.7,34.9,0,0,67.5,6.7,0,13.89,0,0,0,0.16,0,0.16,0.89,3.72,759.83,75.13,443.35,27323.03,0,540,38408.34,72.42,28.02,2,1,0.49,0.51,0,0,0,1619.32,478.93,0,-1275.4351,-59.584,66.62857143,-1268.390529
organic,4,87.96,83.93,331.68,167.85,0,0,0,0,0,0,0,0,0.0211,0.0189,0.0189,0.0189,0.0189,26537.61,23753.08,23757.67,23762.55,35650.77,133071.73,133461.69,389.95,181.37,19.08,650,187.79,650.33,0.01,0,-1.53,13174.43,8.7,13213.47,9.09,39.42,0,0,75,6.97,0,14.19,0,0,0,0.24,0,0.17,1.06,3.92,759.73,76.47,432.99,27332.05,0,540,38408.34,72.42,28.02,2,1,0.47,0.52,0,0,0,1941.51,530.9,0,-1431.1165,-56.9772,99.94285714,-1388.150843
organic,5,88,83.97,331.86,167.95,0,0,0,0,0,0,0,0,0.0215,0.0188,0.0188,0.0188,0.0188,27042.34,23721.86,23727.28,23732.97,35607.54,133461.7,133831.98,370.28,184.14,20.62,650,204.46,690.88,0.01,0,-1.45,13213.47,9.09,13252.05,9.6,39.1,0,0,75,7.2,0,14.35,0,0,0,0.32,0,0.19,1.22,4.07,759.62,77.04,425.9,27338.59,0,540,38408.34,72.42,28.02,2,1,0.47,0.6,0,0,0,2261.22,573.55,0,-1358.9276,-53.998,133.2571429,-1279.668457
organic,6,87.8,83.78,331.1,167.56,0,0,0,0,0,0,0,0,0.0219,0.0188,0.0188,0.0188,0.0188,27538.41,23690.77,23697.06,23703.57,35564.62,133832,134194.44,362.44,186.7,21.86,650,218.1,716.28,0.02,0,-1.38,13252.05,9.6,13290.18,10.46,38.98,0,0,75,7.39,0,14.31,0,0,0,0.39,0,0.2,1.36,4.18,759.52,76.56,421.86,27343.1,0,540,38408.34,72.42,28.02,2,1,0.46,0.6,0,0,0,2577.19,608.2,0,-1330.1548,-51.3912,162.4071429,-1219.138857
organic,7,88.18,84.14,332.51,168.28,0,0,0,0,0,0,0,0,0.0222,0.0188,0.0188,0.0188,0.0188,28029.54,23659.87,23667.03,23674.39,35522.07,134194.45,134552.91,358.45,190.7,22.9,650,229.3,736.48,0.02,0,-1.31,13290.18,10.46,13327.88,11.57,38.81,0,0,75,7.59,0,14.36,0,0,0,0.46,0,0.21,1.48,4.29,759.42,76.59,417.26,27317.5,0,510,38408.34,72.42,28.02,2,1,0.46,0.6,0,0,0,2891.31,637.22,0,-1315.5115,-48.7844,191.5571429,-1172.738757
organic,8,87.96,83.93,331.71,167.87,0,0,0,0,0,0,0,0,0.0226,0.0188,0.0188,0.0188,0.0188,28515.93,23629.14,23637.18,23645.41,35479.89,134552.88,134907.56,354.69,193.82,23.75,650,238.6,753.55,0.02,0,-1.24,13327.88,11.57,13365.18,13,38.73,0,0,75,7.75,0,14.32,0,0,0,0.53,0,0.22,1.61,4.4,759.32,76.11,415.69,27349.72,0,540,38408.34,72.42,28.02,2,1,0.46,0.6,0,0,0,3201.09,660.68,0,-1301.7123,-46.1776,220.7071429,-1127.182757
organic,9,87.74,83.72,330.88,167.45,0,0,0,0,0,0,0,0,0.023,0.0187,0.0187,0.0187,0.0188,28998.65,23598.57,23607.51,23616.61,35438.07,134907.56,135259.41,351.84,197.2,24.43,650,246.12,767.88,0.02,0,-1.18,13365.18,13,13402.08,14.73,38.64,0,0,75,7.89,0,14.28,0,0,0,0.61,0,0.23,1.73,4.5,759.22,75.64,414.54,27351.46,0,540,38408.34,72.42,28.02,2,1,0.46,0.6,0,0,0,3506.24,679.54,0,-1291.2528,-43.9432,254.0214286,-1081.174571
organic,10,88.11,84.07,332.26,168.15,0,0,0,0,0,0,0,0,0.0234,0.0187,0.0187,0.0187,0.0187,29479.13,23568.19,23578.04,23588.04,35396.63,135259.41,135610.03,350.63,202.01,25,650,252.28,780.67,0.02,0,-1.11,13402.08,14.73,13438.68,16.65,38.51,0,0,75,8.05,0,14.34,0,0,0,0.67,0,0.24,1.83,4.58,759.12,75.66,410.34,27355.53,0,540,38408.34,72.42,28.02,2,1,0.46,0.6,0,0,0,3808.68,695.6,0,-1286.8121,-41.3364,279.0071429,-1049.141357
organic,11,87.88,83.85,331.39,167.71,0,0,0,0,0,0,0,0,0.0237,0.0187,0.0187,0.0187,0.0187,29904.59,23540.73,23549.67,23560.14,35356.16,135610.02,135911.28,301.27,205.9,25.46,650,257.43,839.27,0.05,0,-1.07,13438.68,16.65,13475.47,69.74,89.88,0,0,187.5,8.18,0,14.29,0.39,0,0,13.5,0.04,0.11,12.47,9.04,759.02,75.18,305.21,26918.65,0,0,38408.34,72.42,28.02,2,1,0.46,0.6,0,0,0,4105.9,708.38,0,-1105.6609,-39.8468,5621.785714,4476.278014
organic,12,88.24,84.2,332.75,168.39,0,0,0,0,0,0,0,0,0.0241,0.0187,0.0187,0.0187,0.0187,30371.52,23509.34,23519.71,23531.6,35315.34,135911.28,136247.52,336.23,211.22,25.86,650,261.65,814.48,0.02,0,-0.98,13475.47,69.74,13511.94,97.47,64.2,0,0,187.5,8.33,0,14.35,0.67,0,0,33.76,0.16,0.38,17.27,10.75,758.93,75.21,407.94,27358.37,0,540,38408.34,72.42,28.02,2,1,0.46,0.6,0,0,0,4399.87,719.43,0,-1233.9641,-36.4952,14058.62857,12788.16927
organic,13,88,83.97,331.84,167.93,0,0,0,0,0,0,0,0,0.0245,0.0186,0.0186,0.0187,0.0187,30845.36,23478.28,23490.07,23503.34,35274.85,136247.5,136591.89,344.39,215.59,26.17,650,265.21,814.51,0.02,0,-0.91,13511.94,97.47,13548.15,119.16,57.9,0,0,187.5,8.44,0,14.3,0.82,0,0,39.59,0.18,0.45,17.64,10.87,758.83,74.73,407.51,27359.29,0,540,38408.34,72.42,28.02,2,1,0.45,0.6,0,0,0,4688.09,728.08,0,-1263.9113,-33.8884,16486.40714,15188.60744
organic,14,88.35,84.31,333.18,168.61,0,0,0,0,0,0,0,0,0.0249,0.0186,0.0186,0.0186,0.0186,31324.43,23447.54,23460.73,23475.34,35234.64,136591.91,136942.69,350.78,221.38,26.45,650,268.11,816.99,0.02,0,-0.84,13548.15,119.16,13584.19,136.79,53.67,0,0,187.5,8.59,0,14.35,0.89,0,0,43.93,0.2,0.51,17.45,10.9,758.74,74.76,405.02,27361.76,0,540,38408.34,72.42,28.02,2,1,0.45,0.6,0,0,0,4972.55,735.73,0,-1287.3626,-31.2816,18293.70714,16975.06294
organic,15,88.1,84.07,332.23,168.13,0,0,0,0,0,0,0,0,0.0252,0.0186,0.0186,0.0186,0.0186,31806.49,23417.11,23431.68,23447.59,35194.66,136942.69,137297.53,354.84,226.2,26.66,650,270.58,820.27,0.02,0,-0.77,13584.19,136.79,13620.1,150.93,50.05,0,0,187.5,8.7,0,14.31,0.88,0,0,47.95,0.2,0.58,17.13,10.89,758.65,74.28,401.86,27365.38,0,540,38408.34,72.42,28.02,2,1,0.45,0.6,0,0,0,5250.75,741.59,0,-1302.2628,-28.6748,19967.75,18636.8124
organic,16,88.45,84.4,333.55,168.8,0,0,0,0,0,0,0,0,0.0256,0.0186,0.0186,0.0186,0.0186,32293.05,23386.96,23402.89,23420.07,35154.89,137297.55,137657.88,360.33,232.43,26.85,650,272.58,823.05,0.02,0,-0.7,13620.1,150.93,13655.97,161.76,46.69,0,0,187.5,8.85,0,14.36,0.82,0,0,51.8,0.21,0.64,16.71,10.89,758.56,74.3,397.68,27369.54,0,540,38408.34,72.42,28.02,2,1,0.45,0.6,0,0,0,5524.71,746.93,0,-1322.4111,-26.068,21571,20222.5209
organic,17,88.19,84.15,332.56,168.3,0,0,0,0,0,0,0,0,0.026,0.0185,0.0186,0.0186,0.0186,32782.81,23357.09,23374.37,23392.75,35115.34,137657.89,138022.36,364.47,237.65,26.99,650,274.31,825.74,0.02,0,-0.63,13655.97,161.76,13691.81,169.39,43.48,0,0,187.5,8.96,0,14.31,0.73,0,0,55.6,0.22,0.72,16.28,10.86,758.47,73.82,393.26,27374.44,0,540,38408.34,72.42,28.02,2,1,0.45,0.6,0,0,0,5791.96,750.87,0,-1337.6049,-23.4612,23153.42857,21792.36247
organic,18,88.53,84.48,333.86,168.96,0,0,0,0,0,0,0,0,0.0264,0.0185,0.0185,0.0185,0.0186,33273.49,23327.48,23346.09,23365.61,35075.99,138022.36,138388.66,366.3,244.27,27.13,650,275.71,831.99,0.02,0,-0.58,13691.81,169.39,13727.61,173.7,40.12,0,0,187.5,9.11,0,14.36,0.66,0,0,59.21,0.22,0.79,16.1,10.84,758.39,73.85,388.21,27379.55,0,540,38408.34,72.42,28.02,2,1,0.45,0.6,0,0,0,6054.55,754.65,0,-1344.321,-21.5992,24656.73571,23290.81551
